Sample Name	Species name	short name	protocol	detected adapter 	Random Adapter  Bases (5' - 3')
180626-180628-190531_Brain_S32.fastq.gz	Homo sapiens	hsa	Bioo	TGGAATTCTCGGGTGCCAAGGG	4 - 4
32140237_EXO_S31.fastq.gz	Homo sapiens	hsa	Bioo	TGGAATTCTCGGGTGCCAAGGG	4 - 4
32150168_EXO_S6.fastq.gz	Homo sapiens	hsa	Bioo	TGGAATTCTCGGGTGCCAAGGG	4 - 4
32150184_EXO_S18.fastq.gz	Homo sapiens	hsa	Bioo	TGGAATTCTCGGGTGCCAAGGG	4 - 4
32150225_EXO_S2.fastq.gz	Homo sapiens	hsa	Bioo	TGGAATTCTCGGGTGCCAAGGG	4 - 4
32150855_EXO_S1.fastq.gz	Homo sapiens	hsa	Bioo	TGGAATTCTCGGGTGCCAAGGG	4 - 4
32150887_EXO_S28.fastq.gz	Homo sapiens	hsa	Bioo	TGGAATTCTCGGGTGCCAAGGG	4 - 4
32151031_EXO_S19.fastq.gz	Homo sapiens	hsa	Bioo	TGGAATTCTCGGGTGCCAAGGG	4 - 4
32151184_EXO_S8.fastq.gz	Homo sapiens	hsa	Bioo	TGGAATTCTCGGGTGCCAAGGG	4 - 4
32151244_EXO_S30.fastq.gz	Homo sapiens	hsa	Bioo	TGGAATTCTCGGGTGCCAAGGG	4 - 4
32151484_EXO_S11.fastq.gz	Homo sapiens	hsa	Bioo	TGGAATTCTCGGGTGCCAAGGG	4 - 4
32151686_EXO_S20.fastq.gz	Homo sapiens	hsa	Bioo	TGGAATTCTCGGGTGCCAAGGG	4 - 4
32151694_EXO_S10.fastq.gz	Homo sapiens	hsa	Bioo	TGGAATTCTCGGGTGCCAAGGG	4 - 4
32151750_EXO_S14.fastq.gz	Homo sapiens	hsa	Bioo	TGGAATTCTCGGGTGCCAAGGG	4 - 4
32151971_EXO_S23.fastq.gz	Homo sapiens	hsa	Bioo	TGGAATTCTCGGGTGCCAAGGG	4 - 4
32151974_EXO_S24.fastq.gz	Homo sapiens	hsa	Bioo	TGGAATTCTCGGGTGCCAAGGG	4 - 4
32152194_EXO_S15.fastq.gz	Homo sapiens	hsa	Bioo	TGGAATTCTCGGGTGCCAAGGG	4 - 4
32152197_EXO_S12.fastq.gz	Homo sapiens	hsa	Bioo	TGGAATTCTCGGGTGCCAAGGG	4 - 4
32152356_EXO_S21.fastq.gz	Homo sapiens	hsa	Bioo	TGGAATTCTCGGGTGCCAAGGG	4 - 4
32152444_EXO_S25.fastq.gz	Homo sapiens	hsa	Bioo	TGGAATTCTCGGGTGCCAAGGG	4 - 4
32160074_EXO_S17.fastq.gz	Homo sapiens	hsa	Bioo	TGGAATTCTCGGGTGCCAAGGG	4 - 4
32160187_EXO_S9.fastq.gz	Homo sapiens	hsa	Bioo	TGGAATTCTCGGGTGCCAAGGG	4 - 4
32160196_EXO_S22.fastq.gz	Homo sapiens	hsa	Bioo	TGGAATTCTCGGGTGCCAAGGG	4 - 4
32160475_EXO_S26.fastq.gz	Homo sapiens	hsa	Bioo	TGGAATTCTCGGGTGCCAAGGG	4 - 4
32160668_EXO_S16.fastq.gz	Homo sapiens	hsa	Bioo	TGGAATTCTCGGGTGCCAAGGG	4 - 4
32160696_EXO_S3.fastq.gz	Homo sapiens	hsa	Bioo	TGGAATTCTCGGGTGCCAAGGG	4 - 4
32160790_EXO_S27.fastq.gz	Homo sapiens	hsa	Bioo	TGGAATTCTCGGGTGCCAAGGG	4 - 4
32161242_EXO_S7.fastq.gz	Homo sapiens	hsa	Bioo	TGGAATTCTCGGGTGCCAAGGG	4 - 4
32161248_EXO_S29.fastq.gz	Homo sapiens	hsa	Bioo	TGGAATTCTCGGGTGCCAAGGG	4 - 4
32161349_EXO_S5.fastq.gz	Homo sapiens	hsa	Bioo	TGGAATTCTCGGGTGCCAAGGG	4 - 4
32161406_EXO_S4.fastq.gz	Homo sapiens	hsa	Bioo	TGGAATTCTCGGGTGCCAAGGG	4 - 4
32161462_EXO_S13.fastq.gz	Homo sapiens	hsa	Bioo	TGGAATTCTCGGGTGCCAAGGG	4 - 4

