"32140235_EXO_S8"	 "32140237_EXO_S31"	 "32140243_EXO_S2"	 "32141643_EXO_S1"	 "32141753_EXO_S10"	 "32141754_EXO_S5"	 "32141765_EXO_S9"	 "32141786_EXO_S2"	 "32150013_EXO_S3"	 "32150043_EXO_S34"	 "32150076_EXO_S4"	 "32150080_EXO_S5"	 "32150091_EXO_S1"	 "32150101_EXO_S3"	 "32150116_EXO_S31"	 "32150147_EXO_S6"	 "32150156_EXO_S1"	 "32150158_EXO_S10"	 "32150161_EXO_S32"	 "32150162_EXO_S11"	 "32150163_EXO_S7"	 "32150168_EXO_S6"	 "32150184_EXO_S18"	 "32150225_EXO_S2"	 "32150228_EXO_S18"	 "32150243_EXO_S8"	 "32150274_EXO_S3"	 "32150292_EXO_S9"	 "32150296_EXO_S34"	 "32150300_EXO_S4"	 "32150301_EXO_S14"	 "32150309_EXO_S4"	 "32150313_EXO_S5"	 "32150318_EXO_S6"	 "32150424_EXO_S10"	 "32150688_EXO_S20"	 "32150690_EXO_S2"	 "32150696_EXO_S11"	 "32150697_EXO_S7"	 "32150698_EXO_S12"	 "32150704_EXO_S33"	 "32150744_EXO_S30"	 "32150759_EXO_S26"	 "32150792_EXO_S8"	 "32150825_EXO_S13"	 "32150829_EXO_S9"	 "32150835_EXO_S10"	 "32150844_EXO_S14"	 "32150849_EXO_S15"	 "32150855_EXO_S1"	 "32150880_EXO_S12"	 "32150882_EXO_S11"	 "32150887_EXO_S28"	 "32150978_EXO_S34"	 "32150993_EXO_S16"	 "32151018_EXO_S12"	 "32151021_EXO_S13"	 "32151026_EXO_S17"	 "32151029_EXO_S14"	 "32151031_EXO_S19"	 "32151033_EXO_S1"	 "32151086_EXO_S6"	 "32151109_EXO_S17"	 "32151113_EXO_S24"	 "32151125_EXO_S18"	 "32151130_EXO_S2"	 "32151151_EXO_S3"	 "32151152_EXO_S19"	 "32151157_EXO_S31"	 "32151161_EXO_S19"	 "32151178_EXO_S15"	 "32151180_EXO_S20"	 "32151181_EXO_S16"	 "32151184_EXO_S8"	 "32151185_EXO_S4"	 "32151201_EXO_S23"	 "32151204_EXO_S9"	 "32151206_EXO_S12"	 "32151226_EXO_S21"	 "32151244_EXO_S30"	 "32151247_EXO_S13"	 "32151370_EXO_S14"	 "32151444_EXO_S22"	 "32151480_EXO_S17"	 "32151484_EXO_S11"	 "32151489_EXO_S18"	 "32151510_EXO_S15"	 "32151523_EXO_S6"	 "32151565_EXO_S23"	 "32151625_EXO_S19"	 "32151633_EXO_S16"	 "32151640_EXO_S32"	 "32151642_EXO_S5"	 "32151648_EXO_S4"	 "32151649_EXO_S7"	 "32151662_EXO_S25"	 "32151667_EXO_S24"	 "32151675_EXO_S28"	 "32151680_EXO_S22"	 "32151681_EXO_S21"	 "32151684_EXO_S13"	 "32151686_EXO_S20"	 "32151691_EXO_S25"	 "32151694_EXO_S10"	 "32151725_EXO_S26"	 "32151750_EXO_S14"	 "32151754_EXO_S20"	 "32151764_EXO_S5"	 "32151765_EXO_S27"	 "32151808_EXO_S16"	 "32151825_EXO_S6"	 "32151828_EXO_S15"	 "32151859_EXO_S28"	 "32151872_EXO_S27"	 "32151881_EXO_S29"	 "32151947_EXO_S11"	 "32151970_EXO_S21"	 "32151971_EXO_S23"	 "32151974_EXO_S24"	 "32151984_EXO_S30"	 "32151988_EXO_S22"	 "32152019_EXO_S17"	 "32152030_EXO_S23"	 "32152081_EXO_S18"	 "32152082_EXO_S19"	 "32152084_EXO_S31"	 "32152086_EXO_S7"	 "32152087_EXO_S24"	 "32152088_EXO_S8"	 "32152094_EXO_S32"	 "32152118_EXO_S1"	 "32152166_EXO_S8"	 "32152175_EXO_S9"	 "32152194_EXO_S15"	 "32152197_EXO_S12"	 "32152200_EXO_S25"	 "32152206_EXO_S33"	 "32152211_EXO_S35"	 "32152253_EXO_S33"	 "32152259_EXO_S20"	 "32152260_EXO_S26"	 "32152263_EXO_S7"	 "32152273_EXO_S34"	 "32152276_EXO_S21"	 "32152337_EXO_S10"	 "32152341_EXO_S35"	 "32152347_EXO_S11"	 "32152348_EXO_S27"	 "32152351_EXO_S28"	 "32152356_EXO_S21"	 "32152359_EXO_S1"	 "32152366_EXO_S2"	 "32152381_EXO_S3"	 "32152388_EXO_S22"	 "32152408_EXO_S29"	 "32152444_EXO_S25"	 "32152446_EXO_S4"	 "32152451_EXO_S5"	 "32152477_EXO_S29"	 "32152480_EXO_S3"	 "32160002_EXO_S23"	 "32160008_EXO_S24"	 "32160009_EXO_S30"	 "32160018_EXO_S12"	 "32160019_EXO_S31"	 "32160028_EXO_S6"	 "32160071_EXO_S25"	 "32160074_EXO_S17"	 "32160078_EXO_S32"	 "32160079_EXO_S13"	 "32160080_EXO_S33"	 "32160083_EXO_S7"	 "32160118_EXO_S26"	 "32160120_EXO_S8"	 "32160185_EXO_S34"	 "32160187_EXO_S9"	 "32160196_EXO_S22"	 "32160241_EXO_S9"	 "32160246_EXO_S10"	 "32160284_EXO_S1"	 "32160288_EXO_S14"	 "32160323_EXO_S11"	 "32160340_EXO_S2"	 "32160373_EXO_S3"	 "32160457_EXO_S12"	 "32160466_EXO_S13"	 "32160472_EXO_S14"	 "32160475_EXO_S26"	 "32160526_EXO_S15"	 "32160600_EXO_S15"	 "32160612_EXO_S4"	 "32160619_EXO_S27"	 "32160622_EXO_S5"	 "32160628_EXO_S6"	 "32160652_EXO_S28"	 "32160668_EXO_S16"	 "32160670_EXO_S7"	 "32160696_EXO_S3"	 "32160740_EXO_S29"	 "32160765_EXO_S8"	 "32160766_EXO_S16"	 "32160782_EXO_S17"	 "32160790_EXO_S27"	 "32160791_EXO_S16"	 "32160964_EXO_S30"	 "32160965_EXO_S9"	 "32161000_EXO_S17"	 "32161004_EXO_S10"	 "32161013_EXO_S11"	 "32161037_EXO_S18"	 "32161045_EXO_S12"	 "32161046_EXO_S13"	 "32161065_EXO_S14"	 "32161104_EXO_S15"	 "32161237_EXO_S16"	 "32161241_EXO_S31"	 "32161242_EXO_S7"	 "32161245_EXO_S17"	 "32161246_EXO_S18"	 "32161248_EXO_S29"	 "32161249_EXO_S19"	 "32161252_EXO_S19"	 "32161253_EXO_S18"	 "32161349_EXO_S5"	 "32161358_EXO_S20"	 "32161367_EXO_S21"	 "32161392_EXO_S19"	 "32161406_EXO_S4"	 "32161415_EXO_S22"	 "32161448_EXO_S32"	 "32161454_EXO_S20"	 "32161462_EXO_S13"	 "32170016_EXO_S20"	 "32170032_EXO_S21"	 "32170068_EXO_S23"	 "32170071_EXO_S33"	 "32170073_EXO_S22"	 "32170083_EXO_S21"	 "32170268_EXO_S22"	 "32170269_EXO_S23"	 "32170272_EXO_S24"	 "32170273_EXO_S23"	 "32170276_EXO_S24"	 "32170329_EXO_S24"	 "32170337_EXO_S25"	 "32170346_EXO_S25"	 "32170365_EXO_S26"	 "32170367_EXO_S27"	 "32170368_EXO_S28"	 "32170378_EXO_S26"	 "32170381_EXO_S29"	 "32170383_EXO_S25"	 "32170385_EXO_S26"	 "32170400_EXO_S30"	 "32170409_EXO_S27"	 "32170419_EXO_S34"	 "32170434_EXO_S28"	 "32170440_EXO_S27"	 "32170447_EXO_S28"	 "32170450_EXO_S29"	 "32170453_EXO_S31"	 "32170613_EXO_S32"	 "32170641_EXO_S35"	 "32170644_EXO_S33"	 "32170652_EXO_S30"	 "cv"
"hsa-miR-124-3p"	 0	 1	 3	 0	 0	 0	 1	 2	 1	 46	 40	 2	 0	 0	 29	 0	 1	 0	 25	 12	 0	 15	 23	 1	 2	 2	 2	 0	 0	 4	 0	 13	 0	 0	 0	 0	 2	 0	 0	 0	 0	 0	 0	 40	 76	 0	 1	 0	 0	 0	 12	 0	 117	 6	 1	 0	 0	 0	 15	 1	 0	 0	 0	 7	 0	 5	 0	 0	 0	 0	 0	 0	 7	 26	 0	 0	 0	 0	 0	 12	 1	 4	 3	 1	 1	 0	 11	 5	 1	 0	 3	 0	 0	 0	 0	 0	 3	 0	 0	 0	 0	 86	 21	 1	 0	 168	 0	 67	 1	 7	 0	 0	 1	 0	 1	 0	 0	 39	 301981	 2	 14	 0	 0	 0	 0	 22	 1	 6	 1	 2	 0	 1	 1	 18	 7	 2	 0	 0	 5	 1	 1	 0	 6	 1	 0	 1	 0	 0	 4	 30	 0	 0	 1	 0	 1	 1	 13	 47	 3	 9	 0	 4	 4	 1	 1	 2	 0	 1	 8	 0	 0	 9	 17	 0	 9	 0	 61	 0	 3	 0	 0	 1	 9	 0	 4	 13	 2	 0	 0	 14	 1	 99	 6	 2	 0	 121	 0	 23	 0	 2	 12	 2	 0	 8	 33	 0	 58	 0	 14	 0	 1	 1	 4	 0	 21	 37	 24	 20	 1	 0	 0	 10	 12	 2	 1	 0	 7	 0	 18	 8	 0	 0	 23	 1	 25	 0	 16	 0	 19	 1	 28	 0	 46	 44	 0	 0	 0	 23	 1	 3	 0	 0	 1	 1	 0	 0	 18	 52	 1	 3	 0	 0	 83	 1	 2	 16.1562753748889
"hsa-miR-379-5p"	 0	 0	 17	 0	 0	 0	 1	 0	 0	 0	 0	 0	 0	 12	 38	 5	 0	 22	 1	 0	 8	 136	 4	 0	 0	 0	 0	 0	 0	 0	 0	 98	 0	 0	 0	 0	 0	 54	 0	 0	 0	 0	 0	 35	 0	 0	 0	 0	 0	 0	 0	 18	 112	 0	 0	 0	 0	 7	 0	 0	 0	 0	 0	 3	 0	 0	 0	 0	 0	 0	 0	 0	 6	 7	 0	 0	 171	 0	 0	 0	 0	 14	 0	 0	 0	 1	 0	 0	 0	 0	 0	 1	 0	 0	 0	 0	 0	 0	 1	 0	 0	 73	 0	 152	 0	 72	 1	 0	 0	 0	 0	 0	 2	 0	 0	 0	 1	 9	 68755	 0	 4	 0	 0	 0	 0	 5	 0	 0	 0	 0	 0	 89	 0	 2	 3	 0	 0	 0	 0	 0	 1	 0	 0	 0	 0	 0	 0	 18	 1	 12	 0	 11	 26	 1	 0	 0	 0	 36	 0	 0	 1	 0	 3	 0	 0	 0	 0	 0	 4	 0	 0	 0	 63	 0	 0	 0	 26	 0	 0	 0	 1	 2	 2	 0	 0	 0	 0	 0	 0	 0	 0	 42	 37	 17	 0	 1	 0	 20	 0	 0	 1	 6	 0	 3	 0	 1	 0	 45	 0	 0	 0	 1	 0	 2	 23	 0	 5	 31	 0	 0	 0	 9	 0	 4	 0	 8	 0	 0	 2	 0	 95	 0	 22	 0	 0	 71	 3	 0	 10	 0	 2	 0	 3	 67	 52	 0	 14	 42	 0	 1	 0	 0	 18	 0	 0	 0	 0	 23	 55	 28	 32	 0	 0	 0	 2	 15.7744261851413
"hsa-miR-370-3p"	 0	 0	 0	 0	 0	 2	 0	 0	 0	 0	 0	 0	 0	 0	 8	 0	 0	 5	 4	 0	 0	 1	 2	 0	 35	 0	 0	 0	 0	 0	 0	 32	 0	 0	 0	 53	 0	 19	 0	 0	 0	 0	 0	 0	 0	 0	 0	 0	 0	 0	 28	 0	 13	 0	 0	 0	 0	 42	 0	 0	 0	 0	 0	 2	 0	 0	 0	 0	 0	 0	 0	 0	 1	 3	 0	 0	 0	 0	 0	 0	 0	 18	 1	 0	 0	 0	 0	 0	 0	 0	 0	 0	 0	 0	 0	 0	 0	 0	 0	 0	 0	 50	 0	 0	 0	 0	 0	 0	 0	 0	 0	 0	 1	 0	 0	 0	 0	 2	 15962	 0	 1	 0	 0	 0	 0	 1	 0	 0	 0	 0	 0	 0	 0	 0	 0	 0	 0	 0	 0	 0	 0	 0	 0	 0	 0	 0	 0	 0	 0	 69	 0	 1	 0	 0	 0	 0	 13	 0	 0	 0	 21	 0	 0	 0	 0	 0	 0	 0	 1	 0	 0	 0	 0	 0	 0	 0	 9	 0	 0	 0	 13	 0	 0	 0	 0	 0	 0	 0	 0	 0	 0	 63	 13	 0	 0	 1	 0	 1	 0	 0	 1	 0	 0	 1	 0	 5	 0	 45	 19	 0	 0	 1	 0	 0	 11	 0	 0	 0	 0	 0	 0	 0	 0	 0	 0	 27	 4	 0	 0	 0	 0	 0	 14	 0	 1	 101	 12	 0	 0	 0	 12	 0	 0	 19	 0	 0	 3	 14	 0	 0	 0	 1	 2	 0	 0	 0	 6	 0	 0	 5	 0	 0	 40	 22	 0	 15.4122923621817
"hsa-miR-139-5p"	 0	 0	 18	 0	 0	 0	 12	 0	 0	 0	 18	 9	 0	 14	 110	 24	 0	 65	 56	 137	 14	 1	 7	 101	 1	 0	 1	 0	 0	 0	 0	 0	 0	 10	 0	 0	 1	 1	 16	 0	 0	 0	 0	 0	 1	 0	 10	 0	 0	 0	 0	 0	 501	 1	 0	 0	 0	 0	 22	 0	 0	 0	 0	 1	 0	 0	 0	 0	 0	 0	 22	 0	 1	 6	 0	 0	 0	 0	 0	 41	 30	 5	 182	 0	 10	 0	 0	 0	 0	 1	 1	 0	 0	 0	 0	 0	 1	 0	 38	 0	 0	 108	 3	 0	 10	 16	 1	 0	 4	 3	 2	 0	 4	 0	 21	 0	 0	 12	 78958	 1	 94	 0	 0	 0	 0	 129	 0	 25	 0	 0	 0	 0	 0	 151	 3	 0	 0	 0	 41	 10	 0	 0	 16	 0	 0	 1	 0	 0	 0	 6	 1	 56	 0	 5	 0	 0	 15	 11	 0	 29	 93	 2	 4	 0	 0	 4	 0	 0	 0	 50	 0	 5	 71	 1	 0	 0	 18	 6	 0	 0	 88	 9	 3	 0	 3	 13	 4	 0	 0	 17	 0	 112	 11	 0	 17	 109	 0	 6	 0	 0	 2	 12	 196	 2	 0	 11	 0	 36	 21	 0	 16	 1	 0	 0	 5	 131	 8	 0	 16	 0	 0	 2	 40	 1	 14	 28	 0	 0	 2	 0	 0	 0	 108	 0	 0	 1507	 1	 18	 4	 3	 17	 0	 33	 3	 45	 3	 1	 6	 0	 1	 0	 0	 7	 0	 0	 12	 13	 0	 42	 37	 2	 0	 0	 0	 80	 15.235955599261
"hsa-miR-323a-3p"	 0	 1	 28	 0	 0	 32	 9	 0	 0	 0	 0	 0	 0	 0	 0	 9	 0	 21	 0	 0	 0	 61	 2	 0	 0	 0	 1	 1	 0	 0	 0	 108	 0	 0	 0	 0	 0	 71	 0	 0	 29	 0	 0	 30	 0	 0	 0	 0	 0	 0	 0	 0	 56	 1	 0	 0	 0	 35	 0	 0	 0	 0	 0	 0	 0	 3	 0	 0	 18	 0	 13	 0	 11	 5	 0	 0	 419	 0	 0	 0	 0	 0	 0	 28	 0	 0	 5	 0	 1	 0	 0	 0	 0	 0	 0	 0	 1	 0	 0	 0	 32	 12	 3	 0	 0	 0	 0	 0	 0	 1	 1	 0	 4	 0	 2	 0	 0	 3	 31541	 2	 4	 0	 0	 0	 0	 4	 0	 1	 0	 2	 0	 1	 0	 3	 1	 0	 0	 0	 4	 0	 0	 0	 0	 0	 0	 0	 0	 0	 24	 64	 0	 1	 3	 0	 0	 0	 0	 15	 0	 0	 45	 0	 1	 16	 0	 2	 0	 0	 0	 0	 0	 0	 9	 0	 0	 0	 8	 0	 0	 17	 0	 5	 1	 0	 0	 20	 3	 0	 0	 0	 0	 0	 16	 50	 1	 190	 0	 1	 0	 0	 0	 3	 54	 1	 14	 3	 0	 43	 0	 2	 1	 15	 0	 0	 3	 0	 2	 20	 0	 0	 0	 0	 0	 0	 0	 7	 0	 91	 1	 0	 90	 0	 13	 0	 0	 6	 32	 5	 21	 15	 7	 21	 6	 11	 24	 0	 9	 12	 1	 0	 0	 0	 17	 0	 0	 0	 0	 0	 14	 6	 0	 0	 0	 0	 25	 15.2308081272394
"hsa-miR-487b-3p"	 0	 46	 3	 7	 0	 14	 15	 4	 0	 0	 14	 0	 0	 23	 93	 15	 16	 76	 30	 0	 12	 392	 6	 113	 25	 0	 0	 0	 0	 0	 0	 246	 0	 0	 1	 0	 66	 169	 0	 0	 76	 0	 0	 105	 139	 0	 26	 103	 0	 63	 0	 49	 124	 4	 1	 0	 9	 64	 1	 0	 0	 0	 0	 1	 0	 2	 0	 0	 1	 0	 0	 0	 0	 11	 0	 0	 0	 0	 0	 281	 7	 20	 33	 0	 269	 1	 5	 0	 0	 21	 9	 0	 155	 0	 0	 0	 0	 0	 39	 0	 29	 287	 5	 171	 0	 1	 0	 79	 0	 1	 142	 0	 5	 130	 16	 194	 0	 24	 116555	 4	 5	 5	 13	 0	 0	 11	 0	 1	 50	 5	 0	 75	 0	 71	 33	 0	 0	 0	 8	 0	 1	 0	 2	 0	 1	 0	 0	 53	 1	 34	 0	 26	 47	 17	 0	 0	 6	 8	 0	 0	 34	 2	 1	 0	 0	 49	 91	 0	 1	 0	 0	 0	 13	 0	 1	 0	 39	 1	 20	 22	 0	 0	 2	 1	 0	 50	 10	 1	 0	 0	 1	 88	 152	 52	 0	 672	 1	 292	 0	 0	 4	 34	 144	 4	 0	 18	 41	 2	 0	 0	 18	 15	 0	 25	 51	 10	 10	 109	 16	 36	 1	 6	 0	 6	 0	 54	 62	 1	 1	 1	 6	 91	 27	 0	 0	 160	 40	 36	 22	 32	 205	 0	 22	 182	 123	 7	 50	 109	 0	 1	 1	 11	 43	 0	 0	 158	 48	 57	 79	 30	 0	 0	 0	 115	 140	 15.1535657441704
"hsa-miR-132-5p"	 0	 0	 0	 0	 0	 2	 2	 0	 0	 0	 6	 1	 0	 0	 1	 0	 0	 21	 0	 0	 2	 0	 1	 0	 0	 0	 31	 0	 0	 0	 0	 0	 0	 0	 0	 0	 0	 0	 11	 0	 0	 0	 0	 0	 0	 0	 0	 0	 0	 73	 0	 0	 62	 0	 0	 0	 33	 31	 1	 0	 0	 0	 0	 0	 0	 0	 0	 42	 0	 0	 17	 0	 1	 0	 0	 0	 0	 0	 0	 115	 0	 17	 0	 0	 0	 0	 0	 23	 1	 0	 34	 0	 0	 0	 0	 0	 0	 0	 0	 0	 0	 37	 0	 129	 1	 0	 0	 0	 0	 0	 1	 0	 11	 0	 2	 0	 0	 4	 18442	 1	 29	 0	 0	 0	 0	 9	 0	 0	 0	 3	 0	 0	 1	 1	 0	 0	 0	 0	 6	 0	 0	 0	 5	 0	 76	 1	 0	 0	 0	 2	 0	 2	 23	 0	 0	 0	 10	 19	 0	 0	 26	 0	 0	 0	 0	 0	 0	 0	 0	 0	 0	 0	 0	 0	 0	 0	 7	 0	 22	 0	 17	 0	 1	 0	 12	 7	 0	 0	 0	 11	 0	 0	 16	 0	 0	 0	 0	 0	 0	 0	 0	 2	 0	 0	 22	 7	 0	 0	 39	 0	 0	 0	 0	 0	 1	 32	 3	 0	 0	 0	 0	 19	 0	 0	 0	 17	 0	 0	 27	 4	 67	 0	 7	 0	 3	 0	 35	 5	 2	 0	 5	 2	 27	 13	 0	 0	 17	 0	 0	 0	 0	 17	 4	 0	 0	 39	 4	 0	 0	 11	 0	 0	 0	 0	 14	 15.0777037091629
"hsa-miR-338-3p"	 0	 0	 16	 0	 0	 0	 1	 0	 0	 0	 8	 0	 0	 0	 0	 13	 0	 101	 1	 0	 4	 48	 2	 129	 0	 0	 0	 0	 0	 0	 0	 0	 0	 16	 0	 0	 0	 0	 0	 27	 0	 0	 0	 0	 1	 0	 0	 0	 0	 0	 0	 0	 146	 0	 3	 0	 13	 0	 23	 180	 0	 0	 0	 1	 0	 0	 0	 0	 0	 0	 0	 0	 1	 2	 0	 0	 0	 0	 0	 49	 0	 74	 10	 0	 0	 0	 0	 0	 0	 0	 1	 0	 0	 0	 0	 0	 1	 0	 24	 0	 0	 24	 0	 30	 0	 78	 0	 0	 0	 0	 0	 0	 6	 0	 0	 0	 0	 2	 26735	 1	 1	 0	 0	 0	 0	 16	 0	 1	 0	 0	 0	 0	 0	 32	 214	 0	 0	 0	 1	 0	 0	 0	 2	 0	 0	 0	 0	 0	 1	 3	 1	 9	 2	 0	 0	 17	 0	 18	 24	 0	 23	 28	 0	 0	 0	 18	 0	 0	 1	 0	 10	 17	 38	 0	 0	 0	 7	 0	 8	 0	 33	 10	 0	 0	 7	 64	 0	 0	 0	 42	 0	 0	 0	 0	 0	 187	 0	 78	 0	 0	 0	 2	 1	 0	 0	 12	 0	 0	 38	 0	 1	 0	 0	 19	 2	 0	 2	 0	 0	 0	 0	 2	 6	 0	 7	 4	 0	 0	 0	 3	 0	 0	 6	 0	 0	 64	 1	 7	 3	 0	 76	 0	 41	 2	 0	 0	 37	 32	 0	 0	 0	 0	 0	 0	 0	 0	 0	 31	 1	 5	 0	 0	 0	 0	 0	 14.9585572801837
"hsa-miR-369-3p"	 0	 41	 0	 0	 0	 0	 0	 16	 0	 0	 7	 1	 0	 0	 45	 6	 0	 48	 43	 0	 11	 40	 66	 0	 0	 0	 0	 0	 0	 0	 0	 38	 0	 0	 0	 0	 0	 0	 0	 0	 0	 0	 0	 8	 0	 0	 0	 0	 0	 0	 0	 0	 17	 0	 1	 0	 1	 0	 0	 80	 0	 0	 0	 0	 0	 76	 0	 0	 0	 0	 0	 0	 0	 1	 0	 0	 0	 0	 0	 0	 0	 0	 9	 0	 48	 0	 0	 0	 2	 0	 1	 0	 0	 0	 0	 0	 0	 113	 0	 0	 0	 62	 3	 30	 0	 0	 0	 0	 2	 1	 1	 0	 5	 0	 1	 0	 0	 3	 18298	 5	 3	 23	 0	 0	 0	 24	 0	 0	 0	 7	 0	 0	 0	 0	 1	 0	 0	 0	 0	 0	 0	 0	 0	 0	 0	 0	 0	 0	 0	 0	 0	 22	 11	 0	 0	 0	 3	 0	 0	 6	 36	 1	 1	 0	 1	 0	 0	 0	 2	 0	 0	 0	 0	 12	 0	 0	 13	 0	 10	 0	 0	 7	 0	 0	 0	 5	 0	 0	 0	 0	 13	 66	 30	 17	 0	 187	 0	 1	 0	 0	 1	 8	 0	 0	 0	 25	 0	 40	 6	 0	 34	 0	 0	 0	 57	 0	 2	 26	 5	 0	 0	 0	 0	 0	 0	 13	 11	 370	 5	 0	 0	 0	 7	 0	 0	 81	 13	 23	 3	 0	 70	 24	 12	 18	 0	 0	 16	 11	 0	 0	 0	 0	 4	 0	 0	 0	 7	 0	 69	 6	 0	 0	 0	 16	 0	 14.4473545455213
"hsa-miR-338-5p"	 0	 1	 90	 3	 0	 38	 3	 1	 0	 19	 32	 4	 0	 0	 42	 20	 68	 307	 0	 12	 0	 245	 2	 132	 1	 0	 0	 0	 0	 49	 34	 0	 0	 14	 0	 0	 129	 0	 51	 0	 55	 0	 0	 0	 0	 8	 0	 0	 0	 0	 0	 46	 563	 0	 0	 0	 26	 118	 86	 13	 0	 0	 0	 1	 0	 1	 17	 0	 1	 0	 19	 0	 1	 4	 0	 0	 78	 0	 0	 52	 0	 56	 26	 93	 3	 0	 0	 0	 0	 73	 61	 0	 0	 45	 0	 0	 2	 0	 1	 0	 0	 129	 0	 14	 19	 0	 0	 0	 0	 1	 0	 0	 4	 0	 2	 0	 1	 8	 48422	 15	 61	 0	 9	 0	 0	 28	 86	 1	 0	 1	 0	 0	 0	 82	 172	 0	 48	 0	 3	 0	 0	 0	 18	 42	 0	 2	 0	 8	 0	 16	 6	 12	 13	 9	 0	 0	 11	 29	 25	 29	 40	 2	 0	 0	 0	 28	 0	 0	 0	 0	 12	 6	 54	 0	 1	 0	 23	 0	 0	 15	 4	 6	 25	 0	 22	 36	 0	 0	 0	 64	 0	 0	 0	 0	 37	 862	 1	 2	 0	 0	 2	 0	 34	 31	 0	 20	 0	 17	 12	 0	 0	 0	 103	 0	 2	 53	 2	 1	 0	 65	 0	 9	 116	 1	 16	 17	 0	 0	 2	 46	 115	 0	 27	 0	 7	 160	 39	 22	 3	 1	 95	 0	 85	 7	 122	 15	 73	 83	 37	 0	 29	 7	 1	 0	 0	 0	 16	 0	 53	 24	 23	 0	 35	 0	 1	 14.344215999098
"hsa-miR-129-5p"	 0	 42	 26	 0	 0	 27	 3	 0	 0	 0	 32	 12	 0	 0	 13	 24	 10	 71	 11	 0	 1	 99	 98	 180	 31	 0	 12	 0	 0	 0	 0	 15	 0	 62	 0	 0	 170	 88	 66	 0	 0	 0	 0	 46	 0	 0	 29	 0	 0	 0	 9	 1	 597	 2	 0	 0	 39	 14	 60	 73	 0	 0	 0	 2	 101	 4	 120	 0	 0	 0	 146	 0	 27	 5	 0	 0	 39	 0	 0	 455	 18	 63	 12	 57	 10	 51	 0	 8	 0	 36	 61	 0	 0	 0	 0	 0	 0	 331	 112	 0	 0	 345	 0	 263	 14	 68	 95	 84	 0	 1	 30	 0	 5	 0	 8	 0	 0	 11	 60983	 3	 49	 32	 0	 0	 0	 61	 0	 4	 101	 3	 20	 21	 79	 139	 103	 0	 22	 0	 36	 27	 42	 0	 15	 0	 0	 1	 0	 106	 0	 8	 20	 7	 6	 23	 0	 0	 6	 26	 1	 16	 89	 42	 1	 0	 0	 29	 0	 49	 2	 13	 69	 6	 141	 0	 15	 0	 70	 0	 13	 0	 58	 9	 55	 0	 30	 27	 2	 0	 0	 18	 7	 0	 64	 0	 41	 187	 1	 0	 0	 1	 2	 34	 0	 2	 1	 49	 25	 29	 31	 0	 30	 0	 30	 15	 14	 122	 86	 0	 4	 46	 0	 0	 27	 1	 19	 31	 0	 0	 3	 11	 145	 0	 21	 0	 7	 232	 3	 20	 13	 0	 24	 36	 81	 43	 23	 0	 18	 42	 0	 0	 0	 11	 5	 0	 5	 24	 26	 41	 12	 18	 19	 0	 116	 0	 128	 14.3263742514393
"hsa-miR-382-5p"	 0	 84	 0	 5	 0	 0	 0	 0	 0	 0	 0	 0	 0	 10	 34	 17	 0	 4	 0	 9	 3	 2	 4	 0	 66	 0	 0	 0	 0	 27	 0	 27	 0	 0	 0	 0	 0	 0	 0	 0	 48	 0	 0	 0	 0	 0	 19	 0	 0	 0	 0	 35	 138	 1	 0	 0	 11	 95	 0	 0	 0	 0	 0	 0	 219	 0	 0	 0	 0	 0	 0	 0	 0	 1	 0	 0	 0	 0	 0	 40	 0	 4	 0	 0	 158	 1	 0	 0	 0	 0	 0	 0	 0	 0	 0	 0	 1	 1	 0	 0	 0	 71	 1	 0	 0	 0	 1	 0	 0	 0	 0	 0	 1	 0	 0	 0	 0	 2	 18927	 1	 2	 0	 0	 0	 0	 7	 0	 2	 0	 5	 0	 0	 0	 104	 0	 0	 0	 0	 9	 0	 0	 0	 0	 0	 0	 0	 1	 0	 130	 5	 0	 8	 12	 0	 0	 0	 0	 0	 45	 0	 7	 0	 0	 0	 0	 9	 0	 0	 2	 0	 0	 0	 9	 0	 0	 0	 12	 0	 0	 0	 0	 3	 2	 15	 0	 12	 1	 0	 0	 4	 0	 43	 49	 32	 25	 272	 0	 1	 0	 0	 0	 21	 0	 0	 0	 0	 0	 123	 0	 0	 0	 0	 0	 0	 21	 0	 0	 0	 0	 82	 0	 9	 0	 0	 0	 8	 0	 0	 1	 0	 53	 0	 21	 0	 0	 171	 2	 18	 1	 0	 9	 0	 27	 49	 0	 0	 10	 34	 0	 0	 0	 0	 40	 0	 0	 28	 0	 0	 24	 13	 0	 0	 0	 35	 36	 14.1751417409583
"hsa-miR-9-5p"	 49	 924	 3100	 284	 2	 158	 667	 127	 116	 194	 563	 352	 1	 505	 2202	 1393	 662	 4300	 685	 30	 309	 2672	 1379	 2688	 646	 3	 895	 1043	 0	 632	 1253	 423	 74	 1473	 75	 590	 2668	 2022	 6130	 1077	 2328	 56	 565	 3667	 625	 781	 263	 255	 101	 22	 257	 299	 18096	 104	 257	 439	 1034	 2496	 4319	 3846	 1005	 358	 125	 41	 1095	 1381	 2392	 2247	 178	 1	 4165	 70	 747	 897	 1389	 274	 188	 416	 92	 16801	 588	 1041	 974	 3829	 2439	 1275	 293	 86	 80	 3888	 4094	 3	 206	 82	 1648	 298	 99	 1550	 2477	 387	 738	 10132	 64	 3853	 1226	 918	 779	 1348	 39	 258	 680	 1	 983	 375	 1128	 1	 90	 1571	 2019752	 209	 2829	 713	 80	 246	 285	 1516	 1001	 96	 487	 156	 209	 1620	 2101	 5174	 1232	 765	 470	 1	 675	 216	 1291	 3	 1007	 162	 4424	 299	 540	 1665	 339	 1542	 579	 521	 2130	 364	 7	 257	 594	 2089	 1397	 1537	 1094	 1055	 132	 294	 1316	 1689	 255	 151	 81	 527	 1530	 302	 1644	 389	 303	 545	 3087	 124	 975	 375	 6157	 656	 1181	 79	 1255	 2438	 667	 1474	 90	 1762	 574	 1317	 3221	 237	 236	 3161	 38	 671	 89	 587	 42	 1203	 3595	 400	 378	 746	 2356	 1328	 1557	 7	 2958	 287	 782	 324	 3046	 1547	 1184	 2381	 308	 2991	 2004	 500	 1694	 23	 439	 467	 472	 1049	 689	 800	 1612	 342	 3813	 360	 256	 6762	 5346	 1095	 338	 83	 3810	 2006	 4204	 4951	 4779	 255	 832	 1857	 157	 406	 185	 1037	 769	 439	 71	 625	 2838	 4911	 846	 2588	 301	 20	 1063	 827	 5884	 13.8709575349514
"hsa-miR-9-3p"	 7	 324	 995	 48	 0	 27	 70	 1	 42	 34	 72	 31	 2	 105	 320	 267	 59	 1275	 139	 3	 62	 765	 924	 665	 97	 0	 42	 0	 1	 83	 521	 45	 0	 315	 1	 47	 339	 708	 893	 192	 732	 0	 0	 691	 76	 87	 24	 0	 0	 69	 20	 6	 4496	 11	 4	 69	 173	 512	 698	 692	 127	 126	 0	 13	 431	 88	 211	 177	 178	 0	 720	 1	 141	 137	 370	 2	 0	 1	 0	 4871	 105	 187	 142	 652	 354	 51	 52	 11	 12	 693	 829	 1	 0	 0	 189	 0	 14	 313	 550	 0	 0	 2706	 13	 414	 239	 206	 191	 83	 5	 6	 160	 0	 181	 0	 309	 0	 1	 255	 395337	 48	 639	 21	 0	 126	 27	 517	 4	 13	 2	 35	 1	 410	 182	 1361	 181	 110	 31	 1	 147	 29	 251	 0	 241	 33	 836	 48	 76	 201	 4	 601	 124	 140	 419	 49	 2	 121	 82	 259	 299	 302	 361	 3	 4	 17	 245	 156	 82	 0	 23	 117	 129	 18	 444	 49	 23	 1	 928	 7	 205	 0	 1222	 93	 333	 38	 218	 547	 167	 569	 7	 476	 55	 308	 704	 97	 50	 931	 33	 328	 2	 21	 13	 221	 583	 43	 51	 183	 225	 325	 166	 1	 444	 56	 17	 18	 321	 368	 228	 279	 68	 470	 277	 142	 262	 29	 43	 79	 49	 666	 145	 82	 155	 5	 821	 0	 76	 1150	 1105	 136	 55	 8	 649	 244	 1349	 933	 913	 94	 397	 263	 18	 223	 67	 176	 81	 17	 43	 150	 524	 751	 368	 327	 25	 1	 122	 128	 997	 13.8354490319025
"hsa-miR-143-3p"	 0	 139	 83	 5	 100	 45	 321	 3	 3	 2	 36	 99	 1	 366	 167	 232	 345	 25	 1567	 992	 3	 38	 44	 3	 610	 3	 7	 1	 0	 0	 33	 28	 159	 47	 5	 910	 403	 4	 96	 4	 19	 101	 0	 2231	 4	 76	 238	 185	 0	 3	 7	 2	 185	 44	 63	 8	 156	 4	 71	 2249	 29	 0	 0	 18	 5	 88	 157	 2	 0	 0	 2	 8	 251	 48	 0	 533	 724	 0	 14	 210	 55	 76	 254	 930	 2	 1351	 15	 210	 3	 1	 141	 147	 0	 17	 0	 212	 9	 0	 548	 0	 0	 143	 3	 1	 9	 550	 4	 169	 9	 1888	 287	 0	 25	 0	 8	 0	 1	 202	 563709	 4	 674	 28	 644	 1	 0	 1028	 98	 292	 6218	 4	 0	 102	 113	 213	 157	 1	 0	 0	 3	 20	 139	 107	 17	 0	 1163	 7	 1	 55	 67	 111	 10	 174	 7	 31	 2	 306	 522	 1156	 0	 371	 333	 50	 106	 1	 0	 89	 0	 106	 37	 163	 88	 98	 106	 428	 7	 2	 126	 1	 37	 2	 49	 23	 22	 51	 59	 26	 22	 1	 0	 19	 78	 81	 330	 2	 57	 28689	 2	 214	 1	 2	 16	 24	 1248	 22	 175	 451	 0	 505	 2	 21	 18	 2	 5257	 191	 655	 30	 47	 95	 30	 0	 0	 222	 5286	 3	 129	 23	 2	 0	 33	 818	 5	 3152	 2179	 19	 14	 8394	 483	 1650	 99	 22	 286	 110	 525	 162	 567	 0	 46	 630	 359	 4	 262	 47	 6	 492	 0	 79	 18	 348	 9	 156	 126	 102	 181	 76	 47	 13.7709631081197
"hsa-miR-127-3p"	 0	 0	 0	 0	 0	 38	 10	 0	 0	 0	 1	 0	 0	 42	 0	 6	 0	 100	 17	 3	 0	 0	 1	 0	 0	 0	 1	 0	 0	 0	 0	 145	 0	 0	 0	 0	 0	 1	 0	 0	 77	 0	 0	 0	 0	 0	 24	 0	 0	 1	 25	 45	 21	 1	 0	 0	 0	 64	 0	 0	 0	 0	 0	 2	 0	 4	 78	 0	 0	 0	 0	 0	 1	 2	 1	 0	 0	 1	 0	 0	 0	 36	 5	 0	 0	 0	 0	 0	 0	 0	 0	 0	 0	 0	 0	 0	 0	 0	 103	 0	 0	 45	 3	 0	 0	 0	 0	 0	 0	 0	 0	 0	 5	 0	 0	 0	 0	 0	 12700	 0	 1	 77	 17	 0	 0	 4	 0	 0	 0	 1	 0	 0	 0	 0	 0	 0	 0	 0	 2	 0	 0	 0	 0	 0	 0	 5	 0	 0	 0	 18	 0	 16	 10	 0	 0	 0	 6	 4	 0	 9	 49	 0	 0	 0	 0	 43	 0	 2	 2	 0	 0	 0	 66	 7	 0	 0	 2	 0	 0	 0	 0	 15	 0	 0	 0	 7	 11	 0	 0	 0	 0	 49	 57	 5	 0	 34	 0	 0	 0	 1	 1	 31	 0	 0	 65	 27	 0	 70	 21	 0	 0	 14	 0	 0	 17	 27	 2	 87	 0	 0	 0	 0	 14	 0	 0	 39	 4	 0	 0	 16	 0	 0	 14	 44	 0	 191	 0	 0	 19	 0	 26	 0	 17	 18	 34	 20	 3	 34	 6	 0	 0	 0	 12	 0	 0	 57	 35	 26	 19	 21	 0	 0	 0	 4	 0	 13.6295795137094
"hsa-miR-485-3p"	 0	 109	 0	 0	 68	 0	 0	 0	 0	 0	 0	 0	 0	 15	 13	 3	 0	 39	 0	 0	 0	 102	 2	 0	 0	 0	 0	 0	 0	 0	 0	 18	 0	 0	 0	 0	 0	 0	 0	 0	 0	 0	 0	 16	 0	 0	 0	 0	 0	 0	 0	 0	 149	 0	 1	 0	 0	 0	 0	 0	 0	 0	 0	 0	 0	 0	 0	 45	 0	 0	 0	 0	 1	 1	 0	 0	 103	 0	 0	 0	 30	 0	 0	 0	 0	 0	 0	 0	 0	 0	 1	 0	 0	 0	 0	 0	 0	 0	 0	 0	 0	 0	 0	 0	 0	 0	 0	 0	 0	 0	 0	 0	 0	 0	 1	 0	 0	 23	 7874	 0	 1	 2	 0	 0	 0	 1	 0	 0	 0	 0	 0	 0	 0	 0	 0	 0	 0	 0	 4	 0	 13	 0	 0	 0	 0	 0	 0	 0	 0	 22	 0	 0	 14	 0	 0	 0	 0	 0	 26	 0	 19	 0	 0	 0	 0	 7	 0	 0	 0	 0	 0	 1	 11	 9	 0	 0	 3	 0	 0	 0	 0	 0	 0	 0	 0	 3	 2	 286	 0	 0	 0	 20	 27	 35	 0	 70	 0	 1	 0	 0	 0	 0	 143	 0	 0	 19	 0	 1	 0	 0	 13	 0	 1	 0	 2	 0	 0	 0	 0	 101	 0	 6	 0	 0	 0	 0	 21	 0	 2	 0	 0	 1	 5	 0	 0	 0	 1	 0	 9	 0	 5	 0	 6	 2	 0	 0	 0	 7	 0	 0	 0	 0	 0	 0	 0	 0	 6	 35	 0	 0	 0	 0	 0	 0	 1	 13.3911241622412
"hsa-miR-7-5p"	 15	 117	 379	 25	 45	 19	 25	 0	 17	 165	 134	 49	 0	 141	 201	 41	 56	 385	 128	 5	 41	 212	 30	 233	 247	 10	 139	 241	 1	 159	 157	 167	 64	 174	 1	 0	 309	 20	 139	 0	 223	 77	 0	 450	 117	 136	 52	 0	 0	 0	 55	 22	 1253	 75	 68	 64	 266	 144	 243	 220	 731	 28	 92	 5	 1	 111	 293	 188	 21	 0	 282	 0	 216	 131	 238	 265	 0	 0	 12	 222	 192	 145	 21	 188	 347	 213	 64	 62	 17	 98	 441	 196	 163	 18	 537	 0	 8	 67	 85	 151	 119	 973	 25	 411	 37	 396	 1	 296	 4	 394	 129	 21	 37	 40	 30	 316	 0	 158	 173381	 12	 487	 112	 16	 0	 70	 96	 77	 117	 117	 9	 79	 60	 146	 257	 3	 207	 143	 0	 79	 46	 160	 101	 18	 0	 440	 13	 1	 163	 81	 237	 32	 28	 46	 122	 10	 77	 61	 198	 354	 258	 288	 244	 78	 123	 19	 132	 32	 312	 5	 205	 39	 47	 133	 45	 60	 203	 113	 44	 81	 59	 327	 34	 180	 42	 142	 207	 107	 130	 0	 228	 69	 122	 220	 151	 1	 1069	 57	 41	 2	 54	 8	 91	 161	 180	 100	 72	 290	 244	 125	 75	 96	 155	 501	 107	 131	 122	 222	 157	 119	 54	 121	 111	 270	 2	 66	 200	 41	 72	 42	 182	 266	 338	 190	 166	 52	 564	 147	 149	 62	 37	 226	 228	 246	 514	 1178	 84	 237	 178	 145	 144	 4	 175	 99	 842	 8	 346	 337	 448	 195	 92	 164	 115	 151	 145	 306	 13.2383968015631
"hsa-miR-409-3p"	 0	 0	 0	 3	 43	 107	 1	 0	 0	 0	 0	 2	 0	 84	 50	 12	 0	 120	 9	 0	 5	 283	 2	 0	 0	 0	 1	 0	 105	 0	 0	 222	 0	 18	 0	 0	 0	 0	 0	 0	 75	 0	 0	 3	 0	 0	 16	 0	 0	 0	 0	 38	 97	 1	 0	 0	 12	 60	 0	 0	 0	 0	 0	 1	 0	 0	 1	 0	 0	 0	 0	 0	 0	 3	 0	 0	 0	 0	 0	 143	 7	 3	 9	 62	 61	 11	 20	 0	 0	 0	 0	 0	 347	 0	 0	 0	 0	 0	 21	 0	 0	 95	 1	 110	 0	 0	 0	 71	 0	 1	 2	 0	 5	 0	 3	 0	 27	 3	 19932	 2	 3	 42	 0	 0	 0	 5	 0	 0	 0	 3	 0	 0	 45	 2	 1	 0	 0	 0	 2	 24	 1	 0	 0	 0	 0	 1	 0	 21	 0	 15	 0	 0	 25	 0	 0	 0	 0	 0	 35	 24	 78	 3	 0	 0	 7	 0	 0	 0	 1	 0	 0	 17	 196	 2	 0	 0	 9	 2	 0	 0	 38	 12	 0	 0	 2	 38	 3	 0	 0	 0	 0	 198	 145	 57	 30	 282	 0	 57	 0	 0	 4	 2	 0	 0	 1	 42	 0	 0	 61	 0	 15	 1	 1	 19	 0	 22	 2	 140	 8	 0	 51	 1	 0	 0	 10	 23	 24	 0	 14	 0	 1	 0	 2	 0	 0	 41	 2	 52	 0	 0	 72	 0	 15	 87	 0	 17	 18	 51	 0	 0	 0	 0	 19	 31	 0	 0	 7	 44	 182	 58	 0	 1	 0	 23	 31	 13.011799322647
"hsa-miR-128-3p"	 40	 972	 3495	 125	 530	 142	 257	 64	 63	 174	 757	 198	 0	 698	 2101	 633	 250	 2897	 525	 181	 133	 2899	 645	 2212	 585	 2	 561	 2	 60	 1657	 609	 890	 37	 400	 202	 344	 2806	 1507	 2297	 886	 1574	 1	 227	 2120	 682	 311	 209	 189	 157	 1097	 262	 526	 11635	 132	 66	 244	 625	 1193	 2872	 1895	 1334	 396	 5	 201	 928	 612	 694	 1004	 40	 0	 1480	 3	 870	 139	 628	 227	 494	 526	 16	 6933	 240	 1278	 978	 1503	 1794	 759	 264	 187	 64	 1892	 3311	 2	 246	 101	 1194	 372	 34	 596	 646	 185	 367	 5481	 66	 2055	 473	 1324	 1324	 686	 22	 527	 321	 0	 545	 1	 546	 87	 163	 1519	 845272	 239	 1956	 633	 74	 211	 396	 1109	 655	 113	 1909	 124	 211	 394	 1171	 3409	 976	 308	 279	 2	 375	 443	 858	 60	 458	 323	 1273	 264	 107	 983	 232	 1143	 387	 500	 628	 368	 1	 259	 531	 921	 764	 1364	 1590	 711	 238	 2	 458	 787	 189	 79	 65	 129	 361	 450	 2588	 178	 115	 989	 1297	 171	 304	 224	 2256	 388	 719	 15	 762	 1244	 291	 824	 31	 1116	 119	 1375	 1574	 655	 191	 5813	 35	 739	 126	 108	 37	 672	 1662	 97	 272	 483	 989	 1280	 1099	 2	 1642	 100	 655	 423	 1401	 1840	 811	 1160	 173	 2263	 932	 340	 1584	 16	 181	 1116	 123	 936	 278	 857	 1013	 165	 2598	 70	 79	 4183	 1587	 494	 245	 198	 1728	 924	 1381	 2613	 2571	 334	 1119	 1160	 206	 202	 490	 884	 332	 100	 95	 893	 1329	 2189	 1410	 1235	 589	 8	 810	 238	 3385	 12.8766737416797
"hsa-miR-432-5p"	 0	 70	 0	 0	 0	 0	 0	 0	 0	 0	 0	 0	 0	 73	 47	 2	 0	 0	 7	 0	 4	 148	 1	 0	 0	 0	 0	 0	 0	 0	 0	 337	 0	 0	 0	 0	 0	 0	 0	 0	 63	 0	 0	 36	 0	 0	 0	 0	 0	 0	 0	 0	 172	 1	 1	 0	 0	 53	 0	 0	 0	 0	 0	 0	 0	 0	 0	 0	 0	 0	 14	 0	 0	 0	 0	 50	 0	 0	 0	 54	 0	 0	 8	 34	 0	 0	 0	 0	 0	 44	 0	 0	 0	 1	 0	 0	 0	 186	 0	 0	 0	 168	 0	 163	 0	 0	 0	 0	 0	 0	 58	 0	 7	 0	 6	 0	 0	 46	 12621	 0	 2	 0	 0	 0	 0	 6	 0	 0	 0	 0	 0	 0	 57	 0	 0	 0	 0	 0	 2	 0	 1	 0	 5	 0	 0	 0	 0	 0	 0	 3	 0	 4	 4	 0	 0	 0	 2	 0	 0	 6	 26	 0	 0	 41	 0	 15	 0	 0	 3	 0	 1	 0	 156	 0	 0	 1	 4	 0	 0	 14	 0	 0	 0	 0	 5	 17	 3	 0	 0	 0	 0	 84	 66	 28	 0	 219	 0	 235	 0	 0	 0	 2	 46	 0	 0	 26	 0	 25	 0	 0	 15	 0	 0	 0	 39	 10	 0	 66	 0	 0	 0	 0	 0	 0	 4	 1	 4	 0	 0	 0	 63	 0	 1	 0	 0	 99	 0	 0	 13	 12	 5	 0	 15	 77	 0	 8	 0	 35	 0	 0	 0	 0	 14	 35	 0	 36	 0	 0	 1	 17	 0	 0	 0	 0	 58	 12.6763124854591
"hsa-miR-153-3p"	 0	 0	 0	 1	 0	 0	 0	 0	 2	 0	 0	 0	 0	 0	 0	 0	 0	 0	 14	 0	 0	 0	 0	 47	 0	 0	 0	 0	 0	 0	 0	 22	 0	 15	 0	 0	 0	 0	 0	 0	 0	 0	 0	 10	 0	 0	 0	 0	 0	 0	 0	 0	 0	 3	 0	 0	 0	 0	 0	 0	 0	 0	 0	 0	 0	 0	 0	 0	 0	 0	 0	 0	 22	 0	 0	 0	 0	 0	 0	 0	 0	 25	 0	 0	 36	 0	 0	 0	 8	 0	 0	 0	 0	 0	 0	 0	 4	 0	 0	 0	 0	 21	 1	 0	 0	 1	 0	 27	 0	 0	 0	 0	 1	 0	 0	 0	 1	 0	 3318	 0	 0	 0	 8	 0	 0	 2	 0	 0	 0	 0	 0	 0	 0	 14	 0	 0	 0	 0	 1	 0	 35	 0	 0	 0	 0	 0	 0	 1	 0	 0	 0	 3	 2	 0	 0	 0	 2	 0	 0	 0	 22	 0	 0	 73	 0	 4	 0	 0	 0	 0	 0	 0	 0	 9	 0	 0	 0	 8	 10	 32	 18	 0	 0	 0	 7	 5	 8	 78	 0	 0	 12	 0	 0	 0	 0	 0	 40	 0	 0	 0	 0	 0	 0	 0	 0	 0	 0	 0	 21	 57	 0	 20	 31	 0	 22	 0	 0	 12	 10	 0	 0	 9	 0	 0	 10	 0	 1	 0	 0	 0	 0	 0	 5	 0	 0	 0	 0	 7	 0	 0	 7	 0	 4	 8	 0	 8	 39	 6	 0	 0	 0	 32	 4	 0	 0	 0	 0	 0	 1	 0	 0	 22	 0	 0	 0	 12.5375680998895
"hsa-miR-129-1-3p"	 0	 0	 0	 0	 0	 0	 16	 0	 0	 0	 6	 0	 0	 0	 0	 9	 0	 45	 7	 0	 0	 0	 0	 0	 0	 0	 0	 0	 0	 0	 0	 0	 0	 25	 0	 0	 0	 23	 50	 0	 0	 0	 0	 0	 0	 0	 0	 0	 0	 0	 0	 0	 184	 0	 0	 0	 0	 0	 0	 0	 0	 0	 0	 0	 0	 0	 66	 0	 0	 0	 11	 0	 0	 0	 0	 0	 0	 0	 0	 26	 0	 4	 0	 0	 0	 0	 0	 0	 0	 0	 0	 0	 0	 0	 0	 0	 0	 0	 0	 0	 0	 27	 0	 0	 9	 0	 0	 0	 0	 0	 0	 0	 0	 0	 2	 0	 0	 1	 4327	 3	 44	 14	 0	 0	 0	 4	 0	 0	 0	 0	 0	 1	 0	 277	 0	 0	 0	 0	 7	 45	 0	 0	 1	 0	 0	 2	 0	 0	 0	 0	 2	 6	 9	 0	 0	 0	 0	 0	 0	 0	 20	 0	 0	 0	 0	 0	 0	 0	 0	 0	 0	 0	 0	 0	 24	 0	 10	 0	 8	 0	 0	 7	 13	 0	 15	 10	 0	 0	 0	 1	 0	 0	 20	 0	 0	 1	 0	 2	 0	 0	 0	 13	 0	 0	 0	 0	 40	 0	 0	 0	 16	 0	 0	 0	 0	 0	 0	 0	 8	 223	 0	 5	 0	 0	 9	 2	 0	 0	 0	 0	 0	 0	 10	 0	 0	 0	 36	 4	 0	 0	 15	 0	 15	 61	 36	 0	 0	 22	 0	 0	 0	 10	 0	 0	 0	 0	 12	 0	 52	 4	 0	 1	 0	 0	 26	 11.7716910034785
"hsa-miR-654-3p"	 0	 0	 0	 0	 0	 0	 8	 0	 0	 0	 0	 0	 0	 0	 0	 1	 0	 43	 0	 0	 3	 0	 0	 0	 0	 0	 0	 0	 0	 15	 0	 39	 0	 0	 0	 0	 0	 0	 0	 0	 0	 0	 0	 0	 0	 26	 10	 0	 0	 0	 0	 0	 173	 0	 0	 0	 0	 0	 0	 0	 0	 0	 0	 0	 0	 0	 0	 0	 0	 0	 0	 0	 0	 0	 0	 0	 0	 0	 0	 106	 0	 0	 0	 0	 0	 0	 0	 0	 0	 0	 0	 0	 0	 0	 57	 0	 0	 0	 0	 0	 0	 17	 0	 0	 0	 0	 0	 0	 1	 0	 0	 0	 0	 0	 0	 0	 0	 0	 3336	 1	 0	 0	 0	 0	 0	 2	 0	 1	 0	 1	 0	 0	 0	 0	 0	 0	 0	 0	 0	 31	 0	 0	 4	 0	 0	 0	 0	 0	 0	 0	 0	 3	 6	 0	 0	 0	 6	 0	 0	 0	 0	 3	 0	 0	 0	 0	 0	 0	 0	 0	 0	 0	 71	 0	 0	 0	 1	 0	 0	 0	 0	 0	 0	 0	 0	 8	 0	 0	 0	 0	 0	 47	 3	 27	 0	 0	 0	 0	 0	 0	 0	 9	 79	 0	 9	 0	 0	 0	 0	 0	 2	 0	 0	 28	 37	 13	 1	 6	 5	 40	 0	 0	 0	 0	 0	 0	 0	 32	 0	 0	 0	 0	 10	 0	 0	 58	 1	 0	 10	 0	 24	 1	 0	 27	 0	 0	 25	 38	 0	 0	 0	 11	 1	 0	 0	 44	 0	 42	 1	 9	 0	 0	 0	 0	 23	 11.7361526431089
"hsa-miR-885-5p"	 1	 135	 60	 0	 0	 0	 0	 0	 0	 0	 0	 19	 0	 0	 46	 4	 0	 25	 15	 0	 0	 62	 104	 0	 0	 0	 0	 0	 0	 14	 0	 0	 0	 20	 0	 0	 49	 0	 30	 1	 0	 0	 0	 73	 0	 0	 0	 0	 0	 0	 0	 0	 89	 2	 0	 0	 0	 65	 17	 29	 1	 0	 0	 1	 0	 0	 116	 141	 18	 0	 52	 0	 0	 1	 0	 0	 42	 0	 0	 151	 28	 72	 43	 0	 0	 0	 0	 11	 2	 35	 36	 0	 0	 0	 0	 42	 0	 0	 0	 0	 0	 85	 0	 179	 20	 0	 1	 71	 0	 0	 0	 0	 0	 0	 6	 0	 0	 0	 11816	 6	 31	 29	 0	 0	 0	 1	 0	 0	 0	 2	 0	 44	 0	 20	 152	 46	 64	 0	 19	 0	 103	 0	 2	 1	 27	 3	 0	 70	 0	 1	 2	 23	 0	 0	 0	 0	 7	 34	 1	 27	 18	 0	 57	 0	 30	 6	 0	 0	 1	 39	 7	 13	 94	 0	 18	 129	 28	 0	 0	 0	 6	 2	 7	 0	 3	 5	 0	 98	 0	 6	 1	 10	 1	 0	 0	 782	 0	 2	 1	 0	 0	 5	 0	 2	 0	 9	 0	 33	 22	 0	 101	 0	 0	 0	 23	 27	 0	 0	 9	 0	 0	 10	 78	 1	 0	 39	 13	 0	 1	 4	 0	 0	 4	 0	 0	 26	 0	 0	 1	 0	 23	 38	 8	 0	 0	 0	 19	 0	 1	 0	 24	 0	 0	 0	 4	 34	 20	 72	 24	 34	 0	 0	 0	 10	 12	 11.576243446067
"hsa-miR-132-3p"	 1	 39	 124	 2	 0	 0	 47	 0	 10	 39	 91	 27	 0	 10	 110	 80	 18	 178	 76	 45	 18	 103	 75	 198	 2	 0	 162	 0	 0	 17	 0	 14	 0	 51	 0	 0	 197	 14	 137	 113	 96	 0	 0	 152	 34	 30	 7	 0	 0	 0	 0	 30	 1241	 0	 0	 52	 48	 75	 176	 150	 171	 0	 0	 1	 130	 58	 255	 214	 54	 0	 126	 2	 95	 3	 37	 0	 0	 0	 0	 587	 8	 115	 82	 40	 304	 51	 31	 29	 9	 130	 227	 0	 0	 0	 52	 0	 6	 0	 9	 0	 0	 440	 10	 144	 37	 115	 72	 81	 1	 296	 0	 44	 63	 0	 55	 0	 0	 244	 46298	 14	 281	 22	 20	 0	 26	 255	 29	 0	 243	 16	 1	 0	 122	 413	 180	 0	 33	 0	 9	 0	 67	 0	 46	 0	 111	 18	 1	 115	 29	 433	 37	 35	 60	 19	 1	 0	 34	 140	 129	 119	 361	 30	 0	 64	 62	 1	 111	 119	 3	 15	 7	 12	 197	 42	 72	 130	 93	 10	 20	 26	 126	 34	 72	 16	 81	 73	 18	 1	 0	 128	 22	 157	 156	 0	 8	 482	 23	 2	 1	 24	 2	 26	 56	 0	 52	 4	 94	 220	 23	 0	 142	 15	 80	 52	 55	 82	 235	 58	 21	 228	 0	 42	 224	 0	 26	 113	 23	 349	 10	 92	 0	 53	 202	 45	 28	 405	 106	 62	 36	 30	 195	 96	 183	 153	 82	 3	 137	 91	 21	 42	 0	 123	 58	 1	 15	 0	 148	 117	 58	 136	 1	 0	 137	 16	 217	 11.4121464977726
"hsa-miR-138-5p"	 0	 0	 0	 0	 0	 59	 5	 0	 0	 0	 12	 9	 0	 16	 8	 6	 7	 112	 0	 0	 21	 77	 0	 26	 0	 0	 105	 0	 0	 0	 0	 0	 17	 12	 0	 0	 208	 0	 0	 0	 3	 0	 0	 0	 1	 0	 0	 0	 60	 0	 14	 0	 227	 0	 0	 0	 0	 0	 56	 0	 0	 0	 0	 0	 0	 0	 0	 66	 0	 0	 0	 0	 0	 1	 5	 0	 0	 0	 0	 141	 1	 91	 8	 0	 6	 0	 0	 6	 0	 28	 73	 0	 0	 1	 0	 0	 0	 0	 0	 0	 0	 189	 16	 69	 15	 45	 0	 0	 0	 0	 0	 0	 8	 0	 4	 0	 0	 0	 6893	 2	 0	 37	 0	 0	 0	 20	 0	 0	 0	 2	 0	 0	 0	 90	 0	 1	 3	 0	 2	 0	 0	 0	 11	 0	 0	 1	 0	 0	 0	 0	 3	 18	 12	 0	 0	 0	 3	 12	 0	 0	 27	 7	 0	 0	 0	 0	 57	 0	 0	 0	 0	 19	 121	 13	 0	 0	 33	 0	 0	 0	 36	 4	 0	 16	 1	 38	 0	 5	 0	 37	 13	 23	 9	 0	 0	 138	 0	 0	 21	 0	 0	 13	 25	 0	 0	 0	 17	 0	 0	 0	 0	 0	 0	 0	 11	 80	 43	 0	 0	 74	 69	 7	 48	 0	 0	 18	 6	 0	 26	 13	 46	 1	 7	 0	 0	 41	 0	 19	 1	 0	 11	 0	 39	 57	 0	 0	 0	 14	 15	 0	 62	 0	 12	 0	 0	 0	 9	 0	 44	 2	 0	 0	 54	 8	 0	 10.7430926095097
"hsa-miR-451a"	 143	 0	 0	 5	 0	 0	 1	 0	 14	 178	 61	 64	 0	 80	 48	 13	 1	 0	 36	 20	 2	 2	 62	 0	 1	 6	 68	 1	 0	 0	 0	 0	 23	 0	 2	 155	 2	 6	 279	 4	 17	 0	 0	 838	 2	 0	 82	 1	 1	 0	 0	 0	 147	 4	 70	 134	 54	 9	 31	 0	 0	 0	 0	 0	 0	 0	 0	 8	 0	 0	 0	 13	 2	 1	 0	 0	 0	 0	 4	 0	 105	 17	 17	 91	 0	 0	 0	 48	 9	 19	 2	 0	 0	 0	 210	 127	 2	 0	 0	 0	 0	 50	 18	 0	 4	 0	 1	 110	 7	 99	 0	 0	 4	 0	 5	 0	 0	 5	 56423	 4	 0	 0	 7	 0	 0	 2950	 50	 0	 463	 4	 0	 1	 0	 1	 1	 0	 0	 0	 3	 1	 0	 0	 0	 0	 0	 6	 1	 177	 1	 47	 15	 111	 12	 24	 0	 1	 588	 37	 0	 0	 0	 1	 27	 0	 0	 4	 51	 50	 10	 0	 35	 0	 0	 23	 9	 0	 9	 0	 8	 1	 1327	 0	 3	 1	 42	 18	 5	 0	 26	 3	 0	 197	 14	 2	 0	 4778	 1	 4	 0	 51	 5	 66	 43	 2	 1	 20	 0	 0	 1	 0	 264	 15	 2	 54	 8	 64	 6	 10	 16	 0	 0	 2762	 53	 0	 30	 0	 39	 0	 6	 14	 2	 0	 2619	 0	 1	 23	 23	 23	 3	 10	 34	 495	 372	 21	 123	 0	 17	 316	 38	 1	 346	 0	 4	 57	 0	 3	 1	 42	 0	 0	 9828	 33	 0	 0	 28	 10.5020537826831
"hsa-miR-126-3p"	 0	 0	 107	 1	 0	 25	 17	 0	 7	 0	 47	 67	 0	 59	 62	 271	 22	 35	 771	 875	 7	 211	 6	 211	 819	 1	 1	 1	 0	 17	 28	 1	 0	 122	 1	 289	 1	 2	 45	 0	 0	 0	 0	 83	 3	 0	 43	 0	 0	 0	 0	 0	 455	 10	 0	 119	 84	 184	 181	 127	 0	 0	 100	 0	 0	 77	 0	 3	 0	 0	 135	 5	 13	 1	 39	 0	 0	 1	 11	 190	 22	 11	 623	 103	 0	 0	 6	 19	 0	 38	 49	 73	 0	 0	 0	 0	 8	 64	 142	 0	 0	 378	 4	 0	 31	 38	 0	 9	 0	 3	 0	 0	 61	 0	 45	 0	 0	 7	 68015	 6	 51	 8	 11	 155	 0	 3249	 0	 2	 2836	 4	 0	 0	 0	 2	 1	 15	 34	 0	 19	 116	 1	 3	 10	 63	 159	 5	 0	 63	 27	 7	 19	 101	 24	 24	 0	 0	 260	 63	 159	 42	 60	 1	 2	 0	 0	 172	 0	 0	 0	 0	 71	 118	 116	 160	 50	 77	 68	 0	 1	 0	 71	 48	 69	 0	 63	 77	 11	 1	 0	 158	 0	 86	 41	 0	 13	 2525	 18	 2	 0	 0	 3	 56	 65	 34	 13	 7	 17	 1630	 0	 0	 54	 0	 74	 11	 405	 128	 198	 27	 28	 26	 100	 82	 24	 0	 37	 83	 0	 0	 27	 6	 39	 0	 2179	 7	 7	 18501	 54	 45	 4	 0	 44	 87	 275	 114	 605	 1	 198	 57	 0	 1	 144	 55	 16	 42	 0	 40	 70	 245	 1	 56	 80	 1	 27	 0	 65	 10.1118053591564
"hsa-miR-494-3p"	 0	 0	 0	 0	 0	 0	 0	 11	 0	 0	 0	 1	 0	 0	 63	 9	 0	 17	 0	 0	 1	 38	 0	 0	 0	 0	 0	 0	 0	 0	 0	 74	 0	 0	 0	 0	 0	 198	 0	 0	 30	 0	 0	 0	 0	 0	 0	 0	 0	 0	 0	 0	 0	 0	 0	 0	 0	 0	 0	 0	 0	 0	 0	 0	 0	 0	 0	 0	 0	 0	 0	 0	 0	 0	 0	 0	 0	 0	 0	 0	 0	 0	 5	 0	 0	 0	 0	 0	 0	 0	 0	 0	 0	 0	 0	 0	 0	 0	 0	 0	 0	 39	 0	 0	 0	 1	 0	 0	 1	 0	 0	 0	 0	 0	 0	 0	 0	 1	 2716	 0	 1	 0	 0	 0	 1	 1	 0	 0	 0	 3	 0	 0	 0	 0	 0	 0	 0	 0	 1	 0	 0	 0	 0	 0	 0	 0	 0	 0	 0	 22	 0	 2	 4	 0	 0	 0	 2	 0	 0	 0	 0	 0	 0	 0	 0	 0	 0	 0	 0	 0	 0	 0	 79	 0	 0	 485	 0	 0	 0	 0	 0	 8	 0	 0	 0	 12	 8	 0	 0	 0	 0	 29	 64	 22	 0	 0	 0	 20	 0	 0	 0	 30	 34	 1	 0	 0	 44	 0	 0	 0	 0	 6	 0	 0	 0	 0	 0	 92	 0	 70	 0	 0	 12	 0	 0	 24	 6	 0	 0	 0	 0	 0	 0	 0	 0	 52	 0	 0	 12	 0	 0	 39	 0	 62	 0	 6	 15	 3	 0	 0	 0	 18	 12	 0	 0	 72	 0	 70	 0	 0	 0	 0	 0	 0	 0	 9.69266613630878
"hsa-miR-195-5p"	 0	 0	 117	 17	 0	 0	 1	 3	 0	 0	 9	 8	 0	 0	 34	 4	 0	 149	 26	 0	 12	 100	 2	 0	 79	 0	 1	 0	 0	 0	 39	 0	 0	 10	 0	 40	 23	 39	 36	 0	 41	 0	 0	 86	 0	 0	 0	 0	 0	 0	 0	 0	 528	 0	 0	 0	 17	 0	 61	 1	 0	 0	 0	 1	 0	 0	 0	 2	 33	 0	 22	 0	 0	 0	 44	 0	 0	 1	 1	 272	 0	 13	 12	 41	 75	 0	 36	 0	 0	 78	 66	 0	 0	 0	 0	 0	 5	 0	 0	 0	 0	 209	 0	 148	 4	 1	 0	 0	 5	 1	 55	 0	 15	 0	 12	 0	 0	 3	 13199	 1	 30	 12	 0	 0	 52	 33	 0	 0	 2	 2	 0	 29	 1	 1425	 199	 0	 0	 0	 14	 0	 0	 0	 5	 0	 1	 0	 0	 42	 117	 34	 8	 1	 5	 26	 0	 69	 21	 13	 1	 32	 193	 0	 0	 0	 0	 25	 23	 0	 0	 0	 32	 0	 16	 1	 1	 0	 45	 0	 24	 0	 116	 6	 1	 0	 27	 17	 16	 0	 0	 25	 1	 8	 15	 0	 0	 115	 0	 0	 0	 21	 0	 8	 184	 0	 0	 0	 1	 0	 0	 0	 7	 0	 20	 8	 94	 0	 2	 36	 6	 2	 1	 3	 31	 0	 9	 13	 0	 0	 1	 18	 1	 235	 50	 0	 4	 98	 48	 0	 9	 0	 31	 0	 128	 53	 937	 50	 1321	 38	 4	 45	 0	 0	 0	 0	 0	 0	 22	 155	 0	 17	 0	 0	 0	 33	 142	 9.6203147256289
"hsa-miR-218-5p"	 9	 143	 256	 18	 0	 22	 7	 23	 7	 30	 78	 61	 1	 124	 323	 122	 11	 467	 71	 8	 52	 120	 269	 180	 98	 0	 254	 0	 166	 166	 18	 128	 14	 59	 0	 148	 325	 193	 682	 152	 162	 0	 1	 195	 57	 26	 37	 0	 0	 0	 27	 143	 1715	 3	 1	 47	 222	 87	 359	 16	 182	 63	 49	 2	 41	 68	 30	 77	 0	 0	 211	 3	 103	 183	 0	 376	 314	 0	 0	 436	 84	 177	 55	 344	 261	 87	 40	 41	 27	 115	 69	 0	 258	 68	 0	 0	 4	 411	 276	 78	 612	 1146	 5	 430	 68	 19	 327	 0	 5	 240	 96	 0	 37	 0	 86	 0	 78	 135	 48450	 20	 194	 58	 0	 0	 304	 148	 0	 0	 866	 14	 17	 200	 26	 502	 68	 1	 63	 0	 89	 13	 34	 0	 102	 0	 275	 29	 48	 21	 32	 247	 42	 317	 116	 29	 1	 0	 141	 60	 38	 127	 348	 57	 0	 0	 35	 62	 59	 0	 3	 49	 106	 144	 575	 68	 108	 310	 100	 0	 88	 2	 242	 132	 74	 1	 82	 128	 24	 91	 19	 116	 0	 247	 245	 172	 69	 726	 1	 80	 1	 19	 1	 228	 255	 38	 100	 51	 208	 43	 77	 0	 232	 12	 190	 41	 401	 302	 283	 130	 54	 185	 321	 66	 529	 0	 8	 415	 13	 0	 41	 60	 118	 0	 236	 64	 23	 838	 65	 131	 29	 17	 238	 479	 188	 196	 691	 0	 179	 263	 25	 28	 131	 98	 128	 133	 47	 64	 167	 124	 480	 219	 119	 0	 245	 15	 277	 9.45828308976575
"hsa-miR-497-5p"	 0	 0	 0	 6	 0	 1	 0	 0	 0	 0	 0	 0	 0	 0	 0	 1	 0	 39	 0	 0	 0	 15	 0	 0	 0	 0	 0	 0	 0	 0	 0	 0	 0	 0	 0	 0	 49	 0	 28	 0	 0	 0	 0	 20	 0	 0	 0	 0	 0	 0	 0	 0	 73	 0	 0	 0	 17	 0	 0	 0	 0	 0	 0	 0	 0	 0	 0	 0	 0	 0	 3	 0	 0	 0	 0	 0	 0	 0	 0	 0	 0	 0	 0	 0	 0	 0	 0	 0	 2	 0	 13	 0	 0	 0	 0	 0	 0	 0	 0	 0	 0	 51	 0	 0	 3	 0	 0	 0	 0	 0	 0	 0	 3	 0	 3	 0	 54	 0	 1890	 0	 0	 0	 0	 5	 0	 8	 0	 0	 0	 0	 0	 0	 0	 98	 0	 0	 0	 0	 3	 0	 0	 0	 2	 0	 0	 5	 0	 0	 0	 0	 0	 3	 2	 0	 0	 0	 2	 0	 0	 0	 28	 0	 0	 0	 0	 0	 0	 0	 0	 0	 0	 0	 0	 14	 0	 0	 6	 0	 5	 0	 0	 0	 0	 0	 10	 14	 14	 211	 0	 3	 0	 19	 12	 0	 0	 0	 1	 0	 0	 0	 0	 0	 0	 0	 0	 0	 0	 25	 0	 0	 0	 0	 0	 0	 13	 0	 0	 0	 0	 0	 0	 0	 0	 0	 0	 0	 0	 54	 1	 0	 0	 0	 23	 0	 0	 26	 0	 0	 0	 0	 0	 0	 37	 0	 147	 32	 304	 19	 2	 0	 0	 0	 0	 0	 0	 0	 0	 0	 0	 0	 0	 0	 0	 0	 0	 9.20396264023785
"hsa-miR-330-3p"	 0	 0	 186	 0	 0	 7	 7	 1	 9	 0	 13	 14	 0	 39	 94	 36	 16	 84	 11	 3	 10	 106	 249	 0	 0	 1	 48	 0	 0	 0	 43	 0	 9	 25	 1	 0	 5	 15	 52	 0	 53	 0	 0	 59	 47	 93	 0	 0	 0	 0	 19	 0	 1235	 0	 0	 21	 65	 162	 73	 240	 0	 0	 0	 0	 90	 0	 0	 0	 0	 0	 149	 0	 31	 0	 1	 0	 0	 0	 0	 177	 45	 111	 29	 23	 49	 37	 12	 32	 8	 89	 244	 0	 0	 0	 51	 0	 3	 0	 43	 0	 0	 305	 1	 322	 41	 1	 48	 0	 0	 0	 0	 0	 28	 0	 24	 0	 0	 168	 15704	 4	 68	 27	 0	 0	 59	 49	 19	 1	 140	 9	 0	 0	 36	 46	 59	 0	 29	 0	 24	 16	 87	 1	 54	 15	 0	 11	 0	 69	 31	 118	 9	 35	 51	 16	 1	 1	 45	 17	 6	 74	 145	 5	 1	 0	 59	 26	 31	 98	 1	 0	 45	 0	 316	 24	 0	 0	 84	 0	 9	 0	 88	 28	 143	 10	 68	 43	 8	 175	 0	 68	 0	 126	 98	 29	 12	 170	 0	 25	 0	 35	 1	 52	 33	 3	 27	 50	 19	 76	 102	 1	 123	 0	 29	 27	 68	 143	 2	 37	 32	 31	 111	 27	 103	 0	 24	 50	 4	 0	 14	 78	 0	 179	 59	 0	 0	 426	 136	 41	 16	 0	 159	 59	 53	 207	 97	 45	 100	 69	 32	 0	 22	 103	 61	 0	 9	 0	 124	 40	 49	 98	 24	 0	 200	 0	 123	 9.14516614953339
"hsa-miR-181c-5p"	 0	 0	 0	 0	 0	 33	 7	 1	 1	 31	 10	 15	 1	 0	 15	 18	 0	 41	 0	 0	 3	 16	 2	 0	 0	 1	 0	 0	 0	 0	 0	 0	 0	 0	 2	 0	 31	 0	 45	 0	 35	 0	 0	 41	 0	 0	 16	 0	 0	 5	 14	 0	 225	 0	 0	 0	 33	 112	 20	 0	 0	 0	 31	 0	 0	 0	 0	 0	 0	 0	 13	 0	 11	 0	 0	 0	 0	 0	 0	 320	 41	 18	 10	 106	 0	 0	 2	 0	 0	 0	 108	 0	 0	 30	 0	 0	 0	 0	 26	 0	 0	 96	 0	 0	 13	 0	 43	 0	 0	 44	 0	 0	 13	 0	 14	 0	 0	 0	 5636	 6	 0	 38	 0	 0	 0	 54	 0	 13	 68	 4	 0	 16	 0	 154	 88	 0	 0	 0	 14	 0	 0	 0	 14	 36	 0	 2	 0	 0	 0	 2	 11	 17	 31	 20	 0	 168	 11	 17	 0	 39	 50	 43	 0	 0	 0	 8	 0	 2	 1	 0	 14	 0	 33	 8	 0	 1	 50	 0	 22	 0	 41	 17	 41	 0	 32	 66	 15	 0	 0	 57	 0	 4	 40	 0	 4	 193	 0	 1	 1	 0	 0	 50	 38	 0	 0	 0	 0	 21	 9	 0	 40	 0	 8	 0	 0	 34	 111	 28	 2	 0	 0	 7	 13	 0	 10	 10	 0	 0	 2	 47	 0	 0	 12	 0	 0	 228	 0	 0	 15	 3	 28	 0	 90	 0	 7	 4	 32	 7	 0	 34	 77	 25	 6	 0	 0	 0	 25	 37	 0	 35	 39	 0	 0	 37	 13	 9.11095791121796
"hsa-miR-181a-5p"	 61	 2090	 2264	 170	 62	 1197	 531	 194	 130	 298	 1596	 707	 5	 377	 2015	 1962	 339	 5133	 827	 215	 528	 6373	 752	 11788	 1168	 10	 1099	 797	 136	 775	 706	 916	 58	 798	 213	 399	 2915	 2376	 2452	 2293	 1924	 81	 0	 2776	 839	 549	 454	 172	 328	 1847	 567	 868	 35409	 60	 264	 321	 902	 3083	 2828	 3945	 541	 334	 94	 341	 834	 563	 1186	 1107	 127	 0	 2143	 71	 896	 238	 860	 1335	 527	 134	 5	 19079	 689	 2410	 1442	 1854	 5356	 1095	 1004	 337	 232	 2171	 7872	 240	 50	 852	 1480	 295	 89	 1741	 1143	 438	 745	 20644	 87	 7979	 912	 4277	 1348	 547	 76	 1759	 392	 89	 1005	 262	 1258	 138	 367	 2634	 606211	 538	 2149	 2158	 309	 220	 1212	 2841	 486	 177	 2044	 253	 121	 349	 1278	 7052	 3135	 788	 193	 0	 1429	 1260	 1165	 448	 724	 506	 1110	 420	 91	 979	 320	 4167	 575	 933	 1816	 1017	 1	 931	 1666	 2504	 1213	 2790	 3131	 988	 139	 300	 329	 1729	 507	 600	 48	 330	 782	 1185	 6567	 617	 575	 1238	 3413	 320	 643	 191	 2651	 1046	 1095	 77	 2291	 3919	 692	 1933	 3	 3918	 355	 4553	 3163	 806	 508	 27051	 43	 1219	 183	 158	 84	 1724	 3944	 329	 1146	 1034	 1190	 1922	 1585	 3	 2091	 134	 1383	 400	 2398	 5128	 2931	 2007	 863	 6734	 1185	 1232	 1586	 80	 602	 3534	 191	 2320	 701	 3204	 721	 885	 3646	 254	 381	 14007	 2059	 1086	 233	 227	 2796	 1349	 4177	 3462	 4302	 919	 2571	 4874	 734	 1041	 2197	 1294	 879	 849	 181	 3757	 2732	 3265	 1351	 1908	 1458	 108	 5529	 929	 3638	 9.08366623479126
"hsa-miR-708-5p"	 0	 0	 1	 0	 0	 0	 3	 0	 0	 0	 0	 1	 0	 0	 25	 4	 0	 5	 0	 0	 0	 0	 0	 0	 0	 0	 0	 0	 0	 0	 0	 0	 0	 0	 0	 0	 0	 0	 0	 0	 0	 0	 0	 55	 0	 0	 0	 0	 0	 0	 0	 0	 93	 0	 0	 0	 22	 0	 0	 55	 0	 0	 0	 0	 0	 0	 26	 0	 0	 0	 0	 0	 3	 0	 0	 0	 0	 0	 0	 28	 0	 22	 3	 0	 0	 0	 26	 0	 0	 0	 41	 0	 0	 0	 0	 0	 4	 0	 0	 0	 0	 59	 1	 0	 2	 7	 0	 0	 0	 0	 0	 0	 8	 0	 1	 1	 29	 23	 2087	 1	 35	 3	 0	 0	 0	 12	 28	 0	 0	 0	 0	 0	 0	 18	 43	 0	 0	 0	 14	 15	 0	 0	 2	 0	 0	 0	 0	 0	 0	 0	 0	 14	 17	 1	 0	 0	 8	 10	 0	 19	 38	 0	 0	 0	 0	 0	 0	 0	 0	 0	 0	 11	 102	 2	 0	 0	 5	 1	 9	 0	 0	 0	 0	 6	 16	 3	 0	 0	 0	 8	 0	 0	 28	 28	 0	 78	 0	 0	 0	 0	 0	 0	 28	 1	 0	 26	 0	 12	 0	 0	 0	 0	 0	 0	 0	 5	 1	 18	 0	 0	 0	 4	 53	 0	 2	 29	 0	 0	 0	 21	 57	 0	 28	 0	 0	 26	 0	 4	 0	 1	 0	 0	 23	 59	 14	 0	 29	 0	 6	 0	 13	 16	 5	 0	 0	 0	 0	 0	 0	 1	 0	 0	 70	 0	 1	 9.06501986038089
"hsa-miR-150-5p"	 0	 0	 0	 11	 0	 0	 0	 1	 2	 0	 19	 6	 0	 0	 10	 1	 0	 0	 0	 5	 0	 0	 1	 0	 0	 12	 0	 6	 0	 0	 0	 1	 0	 0	 2	 0	 0	 6	 0	 3	 0	 0	 0	 0	 13	 0	 13	 3	 1	 0	 0	 0	 0	 0	 8	 0	 0	 2	 0	 54	 0	 0	 0	 0	 1	 0	 0	 9	 0	 1	 0	 0	 0	 1	 0	 0	 0	 0	 7	 61	 0	 2	 12	 0	 1	 0	 11	 0	 4	 0	 4	 0	 0	 0	 0	 1	 1	 0	 0	 0	 0	 8	 10	 0	 6	 452	 0	 0	 2	 66	 0	 0	 3	 0	 2	 0	 0	 25	 3098	 2	 9	 2	 1	 0	 0	 15	 0	 0	 220	 3	 0	 0	 0	 0	 0	 39	 0	 0	 3	 0	 2	 0	 2	 0	 1	 1	 0	 0	 0	 0	 0	 0	 0	 4	 0	 0	 12	 17	 0	 17	 13	 0	 0	 0	 0	 1	 0	 0	 0	 0	 10	 0	 0	 0	 0	 0	 3	 0	 0	 0	 0	 1	 1	 0	 0	 3	 3	 0	 0	 0	 0	 0	 0	 16	 0	 518	 0	 0	 0	 0	 0	 0	 0	 0	 0	 0	 0	 54	 4	 0	 9	 3	 108	 0	 1	 0	 0	 2	 0	 0	 0	 18	 35	 0	 3	 0	 0	 0	 2	 72	 38	 210	 12	 0	 0	 149	 0	 21	 0	 7	 0	 1	 7	 0	 1	 0	 9	 10	 21	 2	 37	 0	 0	 19	 0	 0	 0	 68	 0	 8	 0	 8	 0	 0	 0	 8.89867667631972
"hsa-miR-223-5p"	 0	 0	 0	 0	 0	 0	 21	 0	 0	 0	 1	 0	 0	 0	 7	 1	 23	 0	 17	 0	 1	 0	 0	 0	 0	 0	 0	 0	 0	 0	 0	 0	 0	 0	 0	 0	 0	 0	 0	 0	 0	 0	 0	 19	 0	 0	 0	 0	 0	 0	 0	 0	 0	 0	 1	 0	 0	 0	 0	 9	 0	 0	 0	 0	 0	 0	 0	 0	 0	 0	 0	 0	 0	 0	 0	 0	 0	 0	 0	 0	 0	 4	 0	 25	 0	 34	 0	 0	 0	 0	 0	 0	 0	 0	 0	 0	 0	 0	 0	 0	 0	 0	 0	 0	 0	 0	 0	 0	 0	 42	 0	 0	 0	 0	 0	 0	 0	 0	 15	 0	 50	 0	 16	 0	 0	 4	 0	 0	 0	 0	 0	 0	 0	 0	 0	 0	 0	 0	 0	 0	 0	 0	 0	 0	 0	 0	 0	 0	 0	 0	 0	 13	 1	 0	 0	 0	 1	 47	 0	 24	 0	 5	 0	 0	 0	 0	 0	 16	 0	 0	 0	 0	 0	 3	 0	 0	 0	 0	 0	 0	 0	 0	 0	 0	 3	 0	 0	 0	 0	 0	 0	 0	 18	 0	 0	 1151	 0	 0	 0	 0	 0	 0	 24	 0	 0	 31	 0	 0	 0	 0	 0	 0	 58	 0	 0	 0	 0	 0	 1	 0	 0	 0	 134	 0	 2	 0	 0	 0	 0	 13	 0	 0	 40	 0	 0	 78	 49	 93	 0	 0	 30	 0	 0	 0	 0	 0	 0	 13	 9	 0	 0	 0	 0	 0	 0	 0	 0	 0	 0	 0	 23	 0	 0	 0	 0	 8.77265732017562
"hsa-miR-628-5p"	 0	 0	 0	 2	 0	 0	 0	 0	 0	 0	 6	 3	 0	 0	 0	 17	 0	 37	 0	 2	 1	 0	 0	 0	 0	 0	 0	 0	 0	 0	 0	 0	 0	 0	 0	 0	 0	 0	 106	 0	 26	 0	 0	 43	 29	 0	 0	 0	 0	 0	 0	 0	 132	 0	 0	 0	 0	 0	 43	 79	 0	 0	 0	 0	 0	 0	 70	 0	 0	 0	 58	 0	 18	 0	 21	 0	 0	 0	 0	 68	 0	 0	 6	 26	 0	 59	 5	 0	 0	 0	 28	 0	 0	 0	 0	 0	 0	 0	 0	 0	 0	 192	 0	 31	 3	 0	 0	 58	 0	 0	 1	 0	 6	 0	 11	 0	 0	 68	 3303	 2	 0	 0	 0	 0	 0	 8	 0	 0	 0	 3	 0	 48	 0	 0	 0	 0	 0	 0	 4	 0	 0	 0	 0	 0	 0	 0	 0	 0	 0	 1	 0	 13	 10	 10	 0	 0	 0	 29	 0	 0	 0	 0	 0	 0	 17	 0	 0	 0	 0	 0	 0	 0	 0	 5	 0	 0	 22	 0	 0	 0	 75	 4	 10	 0	 23	 28	 5	 0	 0	 5	 0	 0	 17	 0	 0	 0	 0	 0	 1	 0	 0	 17	 60	 0	 0	 0	 0	 38	 15	 0	 0	 0	 30	 15	 0	 13	 0	 32	 7	 0	 49	 1	 29	 0	 11	 18	 0	 480	 1	 0	 0	 0	 33	 0	 0	 89	 0	 12	 1	 0	 1	 0	 34	 49	 29	 18	 31	 28	 4	 0	 1	 8	 0	 0	 0	 0	 60	 21	 50	 17	 0	 0	 0	 0	 12	 8.76585525863723
"hsa-miR-126-5p"	 0	 0	 0	 1	 0	 0	 0	 0	 1	 0	 0	 2	 0	 0	 33	 36	 0	 8	 171	 166	 0	 18	 0	 0	 0	 0	 0	 0	 0	 0	 0	 15	 0	 36	 1	 9	 2	 1	 0	 0	 0	 0	 0	 20	 1	 0	 20	 0	 0	 0	 0	 0	 130	 0	 0	 10	 12	 0	 0	 51	 0	 0	 0	 0	 0	 0	 0	 25	 0	 0	 26	 0	 0	 0	 0	 0	 0	 0	 0	 36	 20	 7	 173	 40	 0	 0	 0	 6	 0	 0	 0	 0	 0	 0	 0	 0	 0	 0	 0	 0	 0	 15	 0	 0	 3	 0	 0	 29	 2	 0	 0	 0	 8	 0	 13	 0	 15	 3	 6117	 1	 0	 0	 0	 0	 0	 450	 31	 0	 406	 1	 0	 0	 0	 1	 0	 0	 0	 0	 4	 22	 0	 0	 7	 0	 0	 0	 14	 0	 0	 2	 5	 14	 12	 0	 0	 0	 21	 0	 0	 8	 36	 19	 0	 0	 0	 20	 0	 0	 2	 0	 0	 0	 26	 18	 0	 0	 2	 0	 0	 0	 56	 3	 0	 0	 7	 0	 3	 18	 0	 35	 0	 16	 0	 0	 0	 221	 0	 0	 0	 20	 1	 0	 20	 1	 0	 0	 0	 161	 0	 0	 1	 0	 1	 0	 46	 8	 0	 14	 6	 34	 29	 14	 17	 1	 1	 0	 0	 0	 0	 0	 41	 0	 359	 0	 0	 3509	 28	 19	 0	 0	 22	 27	 76	 1	 59	 0	 57	 10	 0	 7	 120	 6	 12	 0	 0	 0	 0	 0	 0	 12	 0	 0	 0	 0	 0	 8.52193737619009
"hsa-miR-181b-5p"	 11	 856	 672	 59	 58	 397	 275	 43	 40	 110	 422	 166	 0	 391	 613	 540	 190	 1467	 170	 89	 176	 1822	 168	 3290	 206	 4	 529	 163	 0	 168	 136	 249	 13	 231	 79	 49	 1121	 1028	 838	 394	 430	 0	 34	 851	 273	 134	 65	 2	 126	 522	 306	 241	 9825	 2	 82	 33	 394	 916	 1361	 955	 149	 71	 0	 62	 830	 250	 86	 893	 59	 0	 713	 1	 272	 13	 261	 123	 128	 49	 3	 4630	 137	 616	 448	 879	 1710	 282	 276	 157	 45	 744	 2276	 75	 22	 230	 518	 144	 33	 504	 224	 33	 408	 5850	 10	 1267	 272	 540	 416	 38	 29	 192	 167	 17	 383	 232	 441	 81	 58	 434	 142551	 142	 675	 1082	 32	 0	 289	 744	 256	 34	 618	 91	 26	 141	 764	 1976	 1148	 235	 108	 0	 347	 444	 420	 0	 280	 10	 319	 102	 85	 214	 196	 1332	 174	 387	 684	 315	 1	 53	 382	 901	 958	 1200	 920	 501	 101	 138	 315	 382	 167	 124	 29	 21	 298	 320	 2510	 201	 97	 218	 670	 67	 250	 74	 1107	 208	 437	 18	 629	 979	 169	 1004	 1	 1096	 78	 1583	 965	 172	 228	 5650	 1	 618	 63	 47	 7	 507	 1110	 51	 418	 201	 418	 803	 669	 1	 500	 37	 336	 133	 571	 1824	 695	 519	 136	 2029	 302	 256	 447	 314	 92	 733	 112	 1925	 170	 962	 306	 63	 1131	 52	 200	 4489	 796	 294	 47	 130	 878	 329	 1053	 1129	 819	 169	 502	 1146	 148	 31	 443	 357	 171	 301	 17	 1605	 706	 1031	 540	 681	 394	 27	 2584	 149	 1315	 8.15903666001309
"hsa-miR-125b-1-3p"	 0	 0	 0	 0	 0	 0	 0	 0	 0	 0	 5	 10	 0	 0	 12	 17	 0	 80	 29	 0	 0	 124	 0	 0	 0	 0	 0	 0	 0	 27	 0	 35	 0	 23	 0	 0	 140	 0	 0	 0	 0	 0	 0	 0	 0	 24	 0	 0	 0	 0	 0	 0	 292	 0	 0	 0	 0	 0	 0	 0	 0	 0	 0	 0	 0	 0	 0	 0	 0	 0	 29	 0	 3	 0	 0	 0	 0	 0	 0	 79	 0	 2	 8	 0	 0	 0	 9	 0	 4	 75	 7	 0	 0	 38	 0	 0	 2	 0	 17	 0	 0	 154	 3	 41	 7	 0	 0	 36	 0	 0	 0	 0	 4	 0	 4	 89	 0	 8	 2682	 1	 15	 23	 0	 0	 0	 11	 0	 7	 0	 0	 0	 25	 0	 49	 0	 0	 0	 0	 2	 0	 0	 0	 0	 6	 0	 0	 0	 12	 0	 0	 10	 9	 19	 0	 0	 0	 7	 5	 0	 1	 0	 0	 0	 0	 0	 0	 0	 0	 0	 0	 0	 7	 0	 8	 14	 173	 12	 0	 0	 0	 0	 2	 1	 0	 0	 12	 0	 0	 0	 15	 0	 0	 45	 32	 0	 173	 0	 0	 0	 0	 0	 0	 99	 1	 5	 0	 0	 69	 46	 0	 12	 0	 0	 20	 44	 8	 0	 11	 0	 255	 0	 14	 0	 0	 0	 3	 0	 0	 0	 0	 0	 1	 7	 0	 0	 42	 0	 0	 0	 0	 5	 0	 11	 46	 101	 17	 4	 23	 0	 0	 0	 0	 0	 0	 1	 0	 20	 0	 0	 0	 0	 1	 0	 0	 0	 7.82050407690475
"hsa-miR-1-3p"	 39	 0	 1	 35	 0	 1	 0	 35	 35	 133	 170	 11	 85	 48	 65	 16	 24	 51	 85	 39	 52	 42	 1	 11	 135	 13	 148	 6	 0	 89	 407	 0	 16	 102	 338	 0	 0	 60	 71	 29	 42	 0	 0	 73	 34	 68	 32	 61	 3	 1	 18	 66	 17	 252	 338	 125	 218	 19	 64	 33	 250	 87	 8	 1	 53	 545	 430	 21	 0	 0	 39	 222	 697	 3	 69	 3	 91	 1	 49	 26	 70	 45	 14	 1	 84	 2	 58	 68	 6	 0	 8	 284	 0	 14	 0	 297	 115	 0	 41	 146	 0	 130	 14	 101	 21	 440	 2	 109	 40	 105	 0	 103	 13	 0	 68	 861	 44	 3	 21109	 4	 69	 17	 124	 0	 0	 38	 0	 87	 1	 4	 57	 1	 0	 475	 141	 0	 274	 0	 14	 0	 63	 0	 21	 33	 81	 9	 78	 19	 75	 265	 61	 36	 17	 5	 23	 2054	 13	 366	 44	 0	 41	 14	 43	 186	 0	 102	 0	 1140	 51	 79	 67	 49	 81	 18	 50	 194	 6	 25	 31	 52	 23	 13	 47	 105	 16	 65	 64	 0	 69	 89	 38	 0	 199	 142	 0	 122	 81	 1	 0	 30	 16	 10	 86	 54	 25	 125	 85	 25	 68	 90	 33	 72	 3	 4	 85	 14	 2	 98	 21	 185	 46	 52	 14	 0	 74	 32	 49	 0	 32	 40	 334	 3	 122	 48	 19	 42	 5	 100	 47	 56	 33	 80	 37	 126	 299	 57	 14	 45	 86	 58	 58	 55	 57	 809	 67	 0	 728	 1	 117	 44	 36	 72	 36	 66	 283	 7.81256169947035
"hsa-miR-504-5p"	 0	 0	 24	 4	 0	 0	 18	 9	 0	 19	 27	 3	 0	 0	 89	 31	 5	 315	 38	 15	 6	 31	 0	 193	 0	 0	 55	 0	 0	 79	 17	 0	 0	 0	 161	 1	 0	 0	 55	 0	 0	 0	 0	 59	 0	 0	 10	 0	 0	 0	 0	 0	 200	 0	 0	 0	 0	 50	 60	 121	 0	 0	 0	 0	 0	 0	 0	 0	 0	 0	 14	 0	 24	 0	 0	 223	 0	 0	 0	 0	 43	 74	 26	 0	 0	 51	 0	 0	 1	 205	 10	 0	 0	 0	 0	 0	 0	 0	 1	 0	 0	 37	 0	 85	 0	 17	 0	 0	 0	 0	 0	 0	 8	 0	 9	 0	 0	 44	 4543	 1	 23	 0	 0	 0	 0	 39	 0	 0	 0	 2	 0	 0	 0	 167	 0	 0	 17	 0	 4	 0	 0	 0	 1	 0	 0	 0	 0	 17	 0	 12	 7	 21	 5	 12	 0	 0	 39	 24	 0	 24	 77	 0	 0	 0	 29	 1	 0	 0	 0	 0	 28	 1	 262	 0	 0	 0	 6	 0	 7	 0	 19	 12	 0	 0	 17	 13	 26	 0	 0	 16	 0	 194	 69	 0	 0	 27	 0	 0	 0	 0	 1	 53	 0	 0	 61	 0	 0	 99	 19	 0	 18	 0	 0	 0	 42	 34	 116	 13	 14	 43	 0	 3	 29	 0	 13	 29	 0	 0	 0	 0	 173	 203	 50	 0	 0	 62	 0	 7	 1	 18	 29	 0	 76	 132	 292	 60	 237	 38	 6	 0	 0	 4	 15	 0	 0	 28	 30	 17	 0	 52	 17	 0	 115	 0	 121	 6.99374000621877
"hsa-miR-223-3p"	 22	 530	 53	 16	 207	 43	 3303	 2	 11	 220	 119	 138	 1	 130	 853	 63	 421	 53	 3944	 1125	 12	 1	 96	 0	 0	 4	 248	 5	 0	 0	 159	 14	 313	 71	 329	 242	 1135	 244	 604	 451	 34	 427	 0	 361	 29	 126	 1194	 12	 5	 763	 90	 206	 123	 1	 17	 77	 0	 84	 90	 12734	 72	 1	 1	 311	 27	 1	 255	 9	 50	 0	 4	 4	 46	 0	 0	 18	 1060	 0	 6	 843	 64	 391	 38	 2440	 25	 5629	 147	 63	 4	 0	 703	 1005	 0	 33	 61	 150	 5	 164	 50	 0	 63	 133	 22	 69	 3	 3033	 43	 47	 9	 2066	 1305	 0	 21	 0	 12	 0	 164	 461	 3735	 100	 3362	 412	 4158	 128	 226	 589	 58	 1266	 2527	 28	 0	 71	 0	 0	 362	 204	 0	 0	 73	 1	 2120	 1	 63	 20	 4594	 36	 0	 123	 3	 236	 20	 1541	 31	 31	 2	 251	 509	 8538	 78	 4577	 369	 13	 161	 52	 39	 111	 41	 523	 82	 405	 181	 279	 102	 641	 0	 20	 175	 13	 175	 30	 24	 153	 19	 101	 265	 12	 23	 0	 8	 11	 84	 1	 919	 172	 1717	 159387	 88	 3565	 0	 14	 1	 28	 8156	 0	 473	 899	 0	 127	 64	 0	 3	 23	 18134	 2144	 106	 120	 1	 16	 102	 126	 0	 692	 20653	 0	 704	 105	 59	 306	 73	 5957	 0	 30946	 657	 0	 8	 4501	 573	 7544	 160	 84	 1558	 614	 22	 217	 621	 0	 213	 3129	 2575	 393	 545	 256	 27	 5240	 12	 916	 96	 108	 1	 1179	 538	 339	 2004	 222	 24	 6.95293647000285
"hsa-miR-142-5p"	 1	 0	 0	 1	 0	 0	 58	 2	 0	 0	 11	 0	 0	 0	 24	 3	 143	 0	 79	 34	 1	 0	 0	 0	 0	 1	 0	 4	 0	 0	 0	 0	 22	 5	 0	 38	 0	 1	 0	 1	 17	 0	 0	 66	 0	 1	 41	 0	 1	 41	 0	 0	 0	 0	 2	 0	 0	 2	 0	 247	 0	 0	 0	 0	 0	 0	 0	 0	 0	 0	 0	 1	 0	 0	 0	 0	 0	 0	 0	 38	 1	 0	 6	 213	 0	 224	 9	 0	 1	 0	 11	 0	 0	 0	 0	 0	 0	 0	 0	 0	 0	 0	 1	 0	 1	 134	 0	 0	 2	 379	 98	 0	 0	 0	 0	 0	 0	 0	 809	 2	 113	 0	 165	 0	 0	 75	 0	 50	 366	 1	 0	 0	 0	 22	 0	 0	 0	 0	 0	 0	 59	 0	 3	 0	 319	 0	 0	 0	 0	 0	 0	 80	 0	 0	 0	 42	 12	 267	 69	 3	 0	 0	 22	 0	 0	 6	 24	 0	 0	 35	 11	 19	 0	 47	 1	 0	 0	 0	 17	 30	 0	 9	 0	 1	 4	 0	 1	 0	 0	 3	 2	 0	 44	 13	 33	 5725	 0	 0	 29	 0	 0	 0	 348	 0	 104	 39	 0	 14	 0	 0	 4	 0	 809	 23	 24	 1	 0	 0	 4	 0	 0	 50	 689	 0	 29	 0	 7	 0	 0	 114	 0	 415	 27	 0	 5	 140	 94	 305	 2	 8	 18	 0	 13	 45	 28	 0	 11	 91	 68	 46	 0	 17	 0	 103	 0	 0	 0	 0	 0	 5	 76	 0	 0	 17	 0	 6.75352761314357
"hsa-miR-133a-3p"	 0	 0	 0	 2	 0	 0	 0	 1	 9	 19	 6	 1	 0	 26	 0	 2	 0	 0	 0	 1	 4	 0	 0	 0	 0	 4	 0	 1	 0	 0	 0	 0	 0	 0	 13	 0	 0	 15	 0	 1	 0	 0	 0	 0	 8	 0	 0	 3	 3	 0	 0	 0	 1	 0	 269	 0	 0	 16	 0	 0	 70	 0	 0	 0	 3	 0	 0	 3	 0	 0	 0	 133	 0	 0	 0	 0	 0	 0	 5	 0	 0	 0	 5	 0	 0	 0	 0	 0	 8	 0	 0	 0	 0	 0	 0	 0	 3	 0	 0	 0	 0	 67	 11	 0	 6	 0	 13	 0	 7	 0	 0	 0	 1	 0	 0	 0	 0	 55	 857	 0	 0	 1	 0	 0	 0	 4	 23	 26	 0	 0	 17	 0	 0	 0	 0	 0	 0	 0	 0	 9	 0	 0	 1	 0	 0	 1	 0	 0	 42	 0	 0	 6	 1	 0	 0	 28	 0	 0	 0	 0	 0	 0	 41	 0	 0	 0	 30	 0	 0	 86	 0	 0	 0	 0	 0	 0	 1	 0	 5	 3	 0	 0	 1	 0	 0	 0	 0	 0	 0	 11	 4	 0	 0	 0	 0	 0	 9	 0	 10	 0	 0	 1	 0	 0	 0	 17	 0	 0	 0	 30	 22	 0	 0	 0	 0	 0	 0	 0	 3	 0	 0	 2	 0	 0	 0	 0	 0	 0	 0	 8	 0	 0	 20	 0	 0	 0	 0	 0	 0	 0	 0	 0	 0	 0	 0	 0	 0	 0	 1	 0	 33	 0	 0	 66	 0	 0	 5	 0	 0	 0	 0	 0	 0	 0	 17	 6.69369291066034
"hsa-miR-181a-3p"	 0	 0	 0	 0	 0	 19	 5	 14	 0	 0	 7	 0	 0	 0	 11	 9	 0	 55	 0	 0	 0	 12	 0	 0	 0	 0	 0	 0	 0	 16	 22	 0	 0	 0	 0	 0	 0	 109	 0	 0	 0	 0	 0	 0	 0	 0	 0	 0	 0	 0	 0	 0	 83	 0	 0	 0	 0	 10	 0	 0	 0	 0	 0	 33	 61	 0	 0	 0	 0	 0	 0	 0	 0	 0	 0	 0	 0	 0	 0	 52	 38	 13	 2	 0	 0	 0	 4	 21	 9	 0	 60	 0	 0	 0	 0	 0	 0	 163	 0	 0	 108	 79	 0	 15	 9	 109	 0	 0	 1	 0	 0	 0	 5	 0	 7	 0	 0	 0	 1997	 7	 12	 5	 6	 0	 0	 14	 0	 0	 108	 0	 0	 0	 0	 74	 0	 0	 0	 0	 11	 12	 0	 0	 7	 0	 0	 1	 0	 0	 17	 0	 0	 11	 4	 0	 0	 0	 13	 0	 0	 65	 22	 0	 0	 0	 36	 0	 0	 0	 0	 0	 25	 0	 34	 1	 0	 0	 16	 0	 0	 0	 13	 18	 0	 0	 3	 13	 3	 0	 0	 6	 0	 93	 32	 55	 0	 166	 0	 1	 0	 0	 0	 4	 163	 0	 0	 0	 0	 35	 78	 0	 46	 0	 19	 1	 16	 31	 0	 16	 3	 143	 0	 1	 9	 0	 14	 7	 0	 0	 16	 25	 35	 2	 41	 0	 0	 18	 0	 5	 0	 4	 37	 0	 15	 39	 0	 0	 27	 0	 0	 0	 0	 19	 7	 0	 0	 60	 31	 0	 46	 6	 44	 0	 60	 0	 0	 6.39015340612102
"hsa-miR-215-5p"	 1	 0	 18	 1	 2	 17	 12	 1	 0	 0	 34	 5	 0	 6	 26	 12	 1	 23	 4	 28	 0	 3	 0	 3	 5	 0	 0	 4	 0	 20	 0	 2	 0	 33	 1	 96	 5	 4	 41	 1	 46	 0	 0	 6	 2	 0	 1	 1	 0	 3	 1	 40	 71	 0	 0	 0	 10	 3	 126	 1	 2	 4	 0	 43	 1	 0	 256	 1	 0	 0	 0	 0	 16	 0	 0	 20	 13	 0	 0	 73	 27	 12	 13	 4	 2	 3	 5	 1	 0	 8	 14	 3	 2	 15	 5	 6	 1	 3	 8	 4	 184	 135	 0	 4	 8	 6	 4	 3	 0	 1	 3	 1	 2	 0	 1	 0	 5	 86	 49	 1	 1	 3	 0	 0	 2	 40	 0	 0	 7	 2	 0	 8	 3	 4	 9	 0	 0	 0	 13	 0	 51	 0	 1	 0	 136	 0	 0	 22	 1	 62	 2	 10	 13	 2501	 0	 1	 13	 18	 33	 5	 14	 2	 1	 0	 1	 14	 0	 1	 0	 57	 23	 15	 10	 6	 37	 0	 0	 5	 0	 0	 1	 16	 0	 0	 7	 39	 3	 1	 0	 23	 0	 63	 48	 2	 0	 56	 177	 2	 0	 0	 0	 6	 162	 0	 1	 1	 4	 55	 3	 0	 20	 0	 5	 32	 28	 29	 1	 56	 3	 1	 0	 19	 3	 1	 15	 85	 0	 2	 0	 0	 72	 5	 46	 1	 0	 111	 70	 13	 0	 13	 42	 30	 15	 11	 11	 0	 9	 4	 8	 1	 4	 4	 15	 37	 0	 4	 3	 48	 5	 14	 3	 0	 1	 34	 54	 6.28163105903651
"hsa-miR-769-5p"	 0	 0	 84	 22	 0	 190	 37	 6	 14	 0	 71	 51	 0	 73	 185	 64	 30	 396	 23	 20	 9	 118	 0	 0	 160	 4	 0	 0	 0	 65	 0	 116	 17	 63	 0	 80	 268	 124	 232	 18	 136	 0	 0	 158	 0	 34	 0	 1	 0	 0	 82	 105	 807	 0	 3	 0	 49	 62	 331	 379	 55	 56	 0	 1	 126	 171	 217	 0	 0	 0	 108	 0	 106	 113	 59	 0	 0	 236	 0	 514	 65	 135	 90	 37	 94	 0	 41	 34	 15	 117	 258	 0	 0	 17	 174	 0	 3	 0	 38	 0	 57	 497	 2	 477	 54	 121	 57	 0	 0	 1	 137	 5	 55	 0	 71	 0	 0	 2	 12990	 14	 167	 237	 28	 176	 0	 106	 0	 45	 0	 7	 0	 8	 0	 363	 75	 0	 0	 0	 63	 116	 0	 131	 52	 18	 47	 26	 30	 39	 65	 245	 40	 43	 82	 97	 0	 43	 39	 45	 69	 165	 205	 9	 1	 0	 29	 60	 0	 28	 1	 0	 83	 28	 132	 19	 77	 513	 118	 0	 15	 15	 190	 62	 27	 0	 75	 93	 33	 177	 0	 100	 6	 106	 113	 71	 1	 439	 0	 1	 1	 21	 0	 87	 63	 32	 31	 28	 93	 71	 80	 0	 139	 1	 80	 35	 164	 279	 139	 186	 21	 150	 82	 34	 224	 0	 21	 95	 13	 253	 1	 156	 0	 95	 168	 0	 7	 691	 127	 75	 16	 57	 165	 0	 168	 270	 301	 71	 261	 129	 34	 15	 72	 77	 85	 0	 0	 201	 255	 107	 289	 125	 10	 0	 247	 25	 228	 6.14575891946784
"hsa-miR-340-3p"	 0	 19	 303	 16	 0	 0	 89	 9	 0	 18	 34	 36	 0	 22	 247	 100	 29	 328	 110	 0	 36	 776	 84	 175	 237	 0	 240	 0	 178	 100	 96	 49	 0	 41	 0	 80	 268	 483	 401	 31	 228	 0	 0	 127	 197	 50	 43	 0	 0	 0	 44	 73	 1982	 2	 1	 73	 114	 298	 299	 174	 40	 106	 0	 0	 246	 37	 388	 189	 0	 0	 250	 1	 141	 3	 96	 0	 0	 0	 0	 1555	 150	 134	 101	 146	 690	 94	 35	 29	 17	 310	 257	 0	 0	 0	 73	 0	 1	 103	 123	 0	 117	 1048	 0	 632	 61	 318	 131	 52	 0	 1	 124	 0	 68	 0	 60	 0	 0	 101	 19265	 27	 424	 0	 27	 0	 115	 109	 50	 1	 287	 8	 0	 203	 68	 525	 47	 0	 114	 0	 45	 65	 108	 0	 82	 10	 142	 35	 30	 35	 0	 180	 43	 69	 47	 36	 0	 16	 77	 199	 38	 168	 228	 52	 40	 0	 0	 98	 32	 21	 1	 66	 98	 13	 533	 15	 28	 605	 355	 2	 8	 44	 297	 60	 130	 6	 78	 130	 49	 888	 0	 121	 2	 75	 251	 0	 2	 1297	 0	 101	 2	 32	 0	 118	 466	 0	 28	 68	 20	 85	 78	 0	 204	 1	 161	 27	 172	 178	 218	 130	 73	 483	 67	 25	 163	 15	 38	 163	 21	 337	 46	 49	 134	 4	 208	 63	 21	 343	 295	 126	 32	 23	 169	 192	 154	 268	 571	 77	 281	 138	 57	 48	 1	 76	 47	 67	 20	 0	 180	 138	 294	 183	 23	 0	 57	 53	 180	 6.00783696855225
"hsa-miR-760"	 0	 30	 16	 3	 0	 0	 1	 0	 0	 0	 10	 4	 0	 0	 29	 17	 26	 35	 22	 0	 0	 84	 0	 0	 0	 0	 0	 0	 0	 9	 0	 0	 0	 26	 0	 0	 1	 0	 44	 0	 40	 0	 0	 0	 0	 0	 0	 0	 0	 0	 7	 0	 265	 0	 0	 4	 0	 0	 25	 186	 0	 0	 0	 25	 24	 0	 0	 0	 0	 0	 58	 0	 15	 0	 0	 0	 0	 0	 0	 146	 0	 8	 11	 39	 0	 14	 0	 31	 0	 0	 13	 0	 0	 17	 0	 0	 1	 0	 0	 0	 0	 202	 2	 0	 1	 0	 0	 0	 0	 1	 0	 0	 9	 0	 7	 0	 0	 0	 1973	 5	 48	 0	 0	 0	 0	 13	 0	 0	 86	 2	 0	 0	 0	 44	 0	 0	 0	 0	 1	 7	 0	 0	 18	 7	 0	 6	 0	 15	 0	 0	 8	 21	 11	 6	 0	 0	 0	 19	 38	 5	 47	 0	 38	 0	 27	 17	 0	 0	 15	 0	 28	 20	 50	 3	 22	 0	 18	 0	 4	 0	 51	 5	 23	 0	 22	 23	 2	 18	 0	 4	 0	 109	 29	 0	 0	 77	 0	 0	 0	 0	 1	 14	 0	 0	 0	 0	 0	 18	 12	 0	 0	 6	 0	 0	 32	 79	 108	 0	 3	 0	 39	 0	 4	 0	 1	 0	 7	 115	 0	 18	 38	 0	 5	 0	 7	 171	 34	 0	 0	 0	 39	 0	 23	 56	 0	 0	 12	 13	 0	 0	 0	 1	 15	 0	 0	 0	 19	 22	 0	 7	 33	 0	 12	 16	 24	 6.00309992785583
"hsa-miR-2355-3p"	 0	 0	 0	 0	 0	 0	 0	 29	 0	 0	 1	 1	 0	 0	 17	 3	 0	 4	 0	 0	 0	 0	 0	 0	 0	 0	 0	 0	 0	 0	 0	 0	 0	 0	 0	 0	 0	 0	 0	 0	 0	 0	 0	 0	 0	 0	 0	 0	 0	 0	 0	 0	 27	 0	 0	 0	 0	 0	 0	 0	 0	 0	 0	 0	 0	 0	 0	 0	 0	 0	 0	 0	 0	 0	 0	 0	 0	 0	 0	 0	 0	 15	 0	 0	 0	 0	 3	 0	 0	 0	 16	 0	 0	 14	 0	 0	 0	 0	 0	 0	 0	 10	 0	 0	 7	 0	 0	 0	 0	 0	 0	 0	 0	 0	 1	 0	 0	 0	 514	 0	 0	 11	 0	 0	 0	 6	 0	 0	 269	 1	 0	 0	 0	 0	 0	 0	 0	 0	 2	 0	 0	 0	 6	 0	 0	 3	 0	 0	 0	 2	 0	 1	 0	 0	 0	 0	 14	 13	 0	 0	 21	 0	 0	 0	 0	 0	 0	 0	 0	 21	 0	 0	 0	 0	 0	 277	 2	 0	 0	 0	 0	 1	 13	 0	 7	 4	 0	 0	 0	 0	 0	 0	 0	 0	 0	 74	 0	 0	 0	 0	 0	 14	 0	 0	 15	 0	 0	 0	 0	 0	 0	 0	 19	 0	 37	 38	 0	 0	 0	 0	 39	 0	 8	 0	 0	 13	 0	 0	 0	 29	 0	 0	 27	 0	 0	 0	 1	 0	 0	 0	 0	 0	 11	 6	 0	 5	 8	 39	 0	 0	 0	 0	 0	 0	 0	 0	 24	 16	 0	 9	 0	 0	 0	 0	 60	 5.80809853703987
"hsa-miR-199a-3p"	 0	 0	 38	 1	 0	 0	 38	 0	 1	 7	 10	 4	 0	 8	 52	 27	 12	 64	 43	 217	 4	 0	 0	 0	 0	 3	 0	 0	 0	 0	 0	 0	 0	 45	 2	 28	 49	 8	 22	 1	 43	 32	 155	 12	 2	 40	 0	 0	 0	 0	 0	 0	 27	 0	 0	 0	 0	 0	 39	 0	 0	 0	 0	 0	 0	 0	 0	 0	 0	 0	 3	 2	 7	 1	 0	 0	 0	 0	 43	 56	 1	 42	 84	 59	 0	 77	 24	 20	 0	 0	 27	 0	 0	 0	 0	 0	 2	 0	 0	 0	 0	 33	 1	 0	 12	 56	 1	 0	 11	 0	 0	 0	 13	 0	 20	 0	 0	 0	 3307	 5	 21	 0	 24	 0	 66	 367	 0	 0	 95	 3	 0	 0	 0	 9	 1	 0	 0	 0	 0	 0	 43	 0	 9	 0	 0	 2	 0	 13	 71	 0	 3	 16	 17	 27	 0	 1	 44	 50	 1	 117	 18	 0	 0	 0	 0	 21	 0	 34	 1	 59	 0	 25	 0	 26	 0	 0	 0	 0	 22	 2	 7	 2	 0	 0	 8	 9	 7	 0	 0	 46	 32	 0	 0	 0	 0	 1114	 0	 0	 0	 12	 1	 6	 27	 17	 21	 16	 24	 196	 0	 0	 15	 0	 39	 9	 52	 21	 2	 0	 10	 0	 44	 34	 94	 31	 2	 0	 0	 109	 0	 18	 0	 52	 302	 0	 1	 2130	 31	 68	 10	 0	 24	 67	 75	 31	 497	 10	 31	 80	 22	 0	 31	 0	 17	 0	 0	 152	 11	 38	 25	 8	 17	 0	 46	 6	 1	 5.61635458823722
"hsa-miR-199b-3p"	 0	 0	 38	 1	 0	 0	 38	 0	 1	 7	 10	 4	 0	 8	 52	 27	 12	 64	 43	 217	 4	 0	 0	 0	 0	 3	 0	 0	 0	 0	 0	 0	 0	 45	 2	 28	 49	 8	 22	 1	 43	 32	 155	 12	 2	 40	 0	 0	 0	 0	 0	 0	 27	 0	 0	 0	 0	 0	 39	 0	 0	 0	 0	 0	 0	 0	 0	 0	 0	 0	 3	 2	 7	 1	 0	 0	 0	 0	 43	 56	 1	 42	 84	 59	 0	 77	 24	 20	 0	 0	 27	 0	 0	 0	 0	 0	 2	 0	 0	 0	 0	 33	 1	 0	 12	 56	 1	 0	 11	 0	 0	 0	 13	 0	 20	 0	 0	 0	 3295	 5	 21	 0	 24	 0	 66	 367	 0	 0	 95	 3	 0	 0	 0	 9	 1	 0	 0	 0	 0	 0	 43	 0	 9	 0	 0	 2	 0	 0	 71	 0	 3	 16	 17	 27	 0	 1	 44	 50	 1	 117	 18	 0	 0	 0	 0	 21	 0	 34	 1	 59	 0	 25	 0	 26	 0	 0	 0	 0	 22	 2	 7	 2	 0	 0	 8	 9	 7	 0	 0	 46	 32	 0	 0	 0	 0	 1114	 0	 0	 0	 12	 1	 6	 27	 17	 21	 16	 24	 196	 0	 0	 15	 0	 39	 9	 52	 21	 2	 0	 10	 0	 44	 34	 94	 31	 2	 0	 0	 109	 0	 18	 0	 52	 302	 0	 1	 2079	 31	 68	 10	 0	 24	 67	 75	 31	 464	 10	 31	 80	 22	 0	 31	 0	 17	 0	 0	 152	 11	 38	 25	 8	 17	 0	 46	 6	 1	 5.61495729348917
"hsa-miR-1249-3p"	 4	 23	 0	 0	 0	 13	 19	 6	 3	 0	 8	 2	 0	 32	 0	 14	 8	 41	 7	 0	 0	 1	 111	 123	 0	 0	 59	 0	 0	 0	 15	 14	 0	 20	 0	 0	 60	 0	 19	 74	 22	 0	 0	 23	 0	 34	 0	 0	 0	 0	 10	 0	 157	 4	 0	 0	 0	 38	 57	 97	 27	 0	 0	 1	 172	 0	 45	 16	 0	 0	 28	 0	 16	 0	 0	 96	 0	 0	 0	 165	 16	 21	 35	 27	 69	 19	 20	 23	 1	 52	 43	 0	 0	 0	 0	 0	 0	 0	 0	 0	 0	 115	 0	 12	 6	 143	 0	 0	 1	 27	 0	 0	 12	 0	 9	 0	 0	 1	 2388	 1	 17	 63	 0	 78	 13	 10	 19	 0	 0	 2	 0	 0	 0	 179	 35	 35	 0	 0	 2	 7	 0	 0	 1	 3	 66	 5	 0	 81	 0	 244	 0	 11	 1	 0	 0	 33	 9	 10	 21	 12	 32	 37	 0	 0	 0	 4	 0	 7	 0	 0	 11	 5	 36	 3	 0	 0	 34	 4	 0	 0	 25	 0	 0	 0	 1	 18	 2	 0	 0	 21	 0	 82	 26	 0	 27	 118	 0	 9	 0	 0	 0	 0	 27	 0	 39	 0	 70	 24	 28	 0	 15	 0	 21	 23	 40	 60	 1	 20	 0	 128	 40	 7	 25	 0	 3	 13	 3	 0	 0	 56	 0	 0	 18	 0	 5	 69	 23	 0	 4	 6	 40	 0	 27	 43	 93	 1	 11	 22	 0	 38	 0	 0	 18	 31	 0	 0	 12	 37	 0	 27	 0	 0	 23	 0	 0	 5.37637241212994
"hsa-miR-340-5p"	 0	 202	 713	 41	 0	 16	 137	 38	 16	 0	 152	 44	 0	 69	 628	 248	 89	 502	 180	 71	 73	 1167	 131	 126	 53	 6	 94	 0	 0	 166	 207	 100	 9	 131	 0	 223	 779	 77	 358	 114	 328	 0	 0	 674	 79	 98	 71	 105	 0	 293	 77	 63	 3387	 0	 2	 46	 190	 419	 641	 399	 125	 152	 0	 77	 2	 334	 347	 56	 133	 0	 666	 3	 267	 59	 167	 150	 104	 0	 1	 3058	 72	 392	 195	 572	 441	 111	 45	 113	 38	 373	 1079	 0	 211	 44	 355	 234	 11	 557	 46	 0	 412	 2047	 10	 1116	 216	 254	 0	 281	 8	 73	 100	 1	 152	 0	 262	 0	 0	 522	 33339	 61	 647	 15	 8	 0	 28	 422	 157	 55	 662	 46	 28	 232	 137	 1218	 96	 211	 69	 0	 183	 20	 346	 0	 163	 18	 594	 86	 38	 157	 0	 332	 122	 291	 223	 130	 0	 149	 213	 186	 342	 260	 504	 88	 0	 0	 86	 221	 34	 72	 1	 55	 201	 33	 320	 43	 55	 174	 522	 25	 130	 0	 819	 91	 339	 11	 284	 355	 129	 522	 26	 452	 99	 325	 478	 113	 14	 2825	 32	 247	 0	 27	 17	 126	 223	 55	 119	 202	 451	 163	 113	 0	 343	 37	 690	 91	 775	 331	 644	 263	 121	 470	 274	 135	 704	 1	 86	 235	 40	 255	 86	 258	 145	 562	 823	 51	 55	 1472	 415	 234	 82	 31	 419	 268	 921	 670	 1828	 122	 1336	 633	 131	 97	 89	 148	 146	 3	 19	 148	 419	 1266	 623	 442	 103	 0	 194	 74	 533	 5.35680236095003
"hsa-miR-5010-3p"	 0	 0	 0	 0	 0	 12	 0	 0	 0	 0	 3	 2	 0	 9	 31	 0	 0	 15	 0	 0	 0	 0	 0	 0	 0	 0	 0	 0	 0	 15	 0	 0	 0	 0	 61	 0	 0	 5	 0	 0	 0	 0	 0	 25	 0	 0	 0	 0	 0	 0	 0	 0	 12	 0	 0	 0	 0	 0	 0	 0	 0	 0	 0	 0	 0	 0	 0	 0	 0	 0	 0	 0	 0	 0	 0	 0	 0	 0	 0	 80	 0	 24	 4	 0	 70	 0	 0	 0	 0	 0	 12	 0	 0	 5	 0	 0	 0	 0	 0	 0	 0	 15	 0	 0	 0	 0	 0	 0	 0	 0	 0	 0	 1	 0	 2	 0	 0	 0	 348	 3	 0	 3	 0	 0	 15	 5	 0	 0	 0	 0	 0	 0	 0	 0	 57	 0	 0	 0	 0	 0	 0	 0	 1	 0	 0	 0	 0	 24	 0	 11	 2	 0	 4	 0	 0	 0	 1	 0	 0	 36	 24	 0	 0	 0	 0	 0	 0	 0	 0	 0	 0	 0	 0	 0	 0	 0	 12	 7	 0	 0	 0	 0	 0	 0	 4	 7	 2	 0	 0	 1	 0	 0	 0	 0	 0	 26	 0	 0	 0	 0	 0	 11	 0	 0	 0	 10	 0	 0	 16	 0	 7	 0	 0	 0	 15	 21	 0	 0	 0	 0	 0	 0	 19	 0	 7	 7	 0	 0	 0	 0	 0	 0	 8	 0	 0	 0	 0	 7	 0	 10	 0	 0	 0	 0	 0	 0	 0	 37	 0	 0	 0	 0	 4	 0	 0	 0	 0	 22	 0	 0	 0	 0	 0	 0	 0	 5.18719008254146
"hsa-miR-493-5p"	 0	 0	 0	 3	 0	 1	 0	 0	 0	 0	 6	 0	 0	 0	 34	 4	 0	 14	 0	 0	 0	 21	 0	 0	 0	 0	 0	 0	 0	 0	 0	 268	 0	 0	 0	 0	 0	 0	 0	 0	 0	 0	 0	 29	 0	 12	 5	 0	 0	 0	 0	 0	 66	 0	 0	 0	 0	 0	 0	 0	 0	 0	 0	 0	 0	 0	 301	 0	 0	 0	 0	 0	 0	 0	 0	 0	 0	 0	 0	 57	 0	 0	 11	 63	 14	 0	 0	 0	 0	 0	 0	 0	 96	 0	 0	 0	 1	 0	 13	 0	 0	 168	 0	 68	 0	 0	 0	 0	 1	 0	 0	 0	 6	 0	 0	 0	 0	 0	 917	 2	 0	 0	 0	 0	 0	 2	 0	 0	 0	 1	 0	 0	 0	 0	 0	 29	 0	 0	 2	 0	 0	 0	 3	 0	 0	 0	 0	 32	 0	 0	 0	 7	 7	 0	 0	 0	 1	 0	 0	 0	 0	 0	 0	 0	 6	 0	 0	 0	 0	 39	 0	 0	 0	 0	 0	 0	 10	 0	 0	 0	 26	 5	 20	 0	 0	 5	 5	 0	 0	 0	 0	 0	 32	 86	 0	 124	 0	 0	 0	 0	 0	 0	 0	 0	 15	 7	 21	 0	 6	 0	 14	 0	 0	 0	 14	 0	 0	 33	 5	 0	 0	 0	 0	 0	 0	 20	 0	 36	 14	 0	 78	 0	 9	 0	 0	 27	 0	 0	 16	 0	 15	 0	 18	 77	 0	 14	 5	 4	 5	 0	 0	 0	 17	 0	 0	 0	 9	 95	 78	 0	 7	 0	 0	 0	 24	 5.1312194612924
"hsa-miR-326"	 1	 0	 0	 0	 0	 1	 2	 0	 0	 0	 21	 0	 0	 0	 0	 7	 0	 49	 0	 0	 0	 61	 0	 0	 0	 0	 36	 0	 14	 0	 9	 23	 0	 0	 0	 0	 0	 0	 10	 0	 6	 0	 0	 0	 0	 0	 5	 2	 0	 0	 0	 0	 4	 0	 2	 0	 0	 0	 28	 0	 0	 0	 0	 0	 0	 41	 0	 43	 0	 0	 0	 0	 19	 0	 18	 0	 0	 0	 1	 0	 0	 10	 12	 0	 31	 0	 10	 0	 1	 0	 13	 0	 0	 0	 0	 0	 0	 0	 0	 0	 0	 65	 0	 16	 0	 37	 0	 0	 0	 0	 24	 0	 2	 0	 6	 0	 0	 39	 1006	 4	 98	 32	 0	 0	 0	 10	 0	 0	 0	 0	 0	 0	 36	 56	 30	 0	 0	 0	 8	 0	 23	 0	 0	 0	 0	 5	 0	 53	 0	 0	 0	 0	 2	 15	 0	 0	 14	 8	 0	 0	 19	 5	 0	 0	 18	 0	 0	 0	 0	 0	 0	 17	 1	 8	 11	 0	 6	 2	 0	 0	 5	 0	 21	 0	 9	 7	 3	 0	 0	 12	 17	 88	 14	 0	 0	 0	 0	 0	 0	 0	 0	 20	 0	 0	 28	 0	 0	 0	 6	 0	 31	 0	 39	 2	 43	 37	 0	 86	 1	 74	 27	 0	 1	 0	 0	 50	 3	 0	 0	 0	 36	 0	 12	 0	 0	 45	 15	 3	 0	 0	 2	 0	 0	 9	 35	 0	 27	 4	 5	 0	 0	 14	 32	 0	 0	 219	 21	 35	 25	 9	 41	 0	 0	 1	 0	 5.08691200948316
"hsa-miR-181d-5p"	 0	 0	 1	 0	 1	 33	 0	 1	 3	 22	 11	 3	 0	 1	 33	 30	 14	 104	 35	 0	 5	 1	 0	 1	 0	 0	 0	 0	 0	 63	 0	 16	 26	 18	 1	 1	 51	 0	 46	 2	 159	 0	 0	 91	 1	 18	 10	 0	 1	 1	 0	 0	 246	 0	 1	 0	 41	 106	 38	 1	 55	 0	 0	 0	 0	 0	 0	 0	 32	 0	 10	 0	 43	 0	 53	 0	 0	 0	 0	 397	 0	 20	 22	 144	 125	 2	 5	 3	 3	 2	 142	 1	 0	 1	 3	 0	 1	 151	 24	 0	 4	 148	 0	 80	 16	 0	 2	 25	 2	 74	 0	 0	 13	 1	 9	 1	 0	 84	 2880	 1	 16	 25	 0	 0	 0	 29	 0	 0	 2	 0	 0	 0	 16	 78	 219	 1	 0	 0	 18	 0	 0	 0	 17	 0	 0	 5	 0	 66	 3	 1	 8	 10	 15	 26	 0	 76	 8	 32	 31	 2	 23	 19	 22	 0	 2	 13	 9	 0	 0	 0	 13	 0	 97	 2	 0	 505	 34	 7	 0	 0	 39	 19	 46	 0	 47	 40	 9	 104	 0	 38	 0	 23	 34	 1	 1	 876	 0	 1	 1	 0	 1	 35	 2	 126	 0	 5	 1	 28	 14	 0	 30	 0	 0	 12	 10	 19	 1	 61	 5	 73	 1	 4	 3	 0	 11	 8	 0	 1	 1	 58	 1	 0	 47	 0	 0	 150	 53	 15	 0	 10	 32	 11	 32	 74	 15	 0	 31	 26	 2	 0	 41	 21	 14	 0	 0	 1	 26	 186	 22	 38	 15	 0	 41	 40	 57	 5.01979643367574
"hsa-miR-92a-2-5p"	 0	 93	 0	 0	 0	 0	 0	 0	 0	 12	 0	 0	 0	 0	 0	 1	 0	 16	 0	 0	 0	 45	 0	 0	 0	 0	 0	 0	 0	 25	 0	 0	 0	 0	 0	 80	 0	 0	 8	 0	 20	 0	 0	 0	 0	 0	 0	 0	 0	 0	 0	 0	 118	 0	 0	 0	 5	 0	 0	 0	 0	 0	 0	 0	 0	 0	 0	 0	 0	 0	 0	 0	 0	 0	 39	 0	 0	 0	 0	 0	 0	 0	 0	 0	 0	 0	 0	 0	 0	 0	 17	 0	 0	 0	 0	 0	 0	 190	 0	 0	 0	 0	 0	 0	 0	 0	 0	 0	 0	 0	 0	 0	 0	 0	 0	 0	 0	 0	 0	 3	 0	 0	 0	 0	 0	 2	 0	 0	 0	 0	 0	 0	 0	 367	 0	 0	 0	 0	 0	 0	 0	 0	 0	 0	 0	 2	 0	 0	 0	 0	 2	 0	 0	 24	 0	 0	 0	 0	 0	 0	 18	 0	 15	 0	 0	 0	 0	 0	 0	 0	 0	 0	 0	 0	 0	 0	 0	 0	 0	 0	 21	 0	 0	 0	 0	 7	 0	 0	 0	 0	 0	 0	 0	 0	 0	 0	 0	 0	 0	 0	 0	 5	 0	 0	 0	 0	 1	 13	 0	 0	 0	 0	 0	 0	 16	 0	 0	 0	 0	 64	 0	 1	 0	 0	 0	 19	 0	 0	 0	 0	 0	 1	 0	 0	 0	 27	 0	 3	 0	 0	 30	 0	 0	 15	 95	 0	 35	 11	 0	 0	 0	 0	 0	 0	 0	 0	 14	 0	 0	 0	 0	 0	 0	 0	 52	 4.9699147719665
"hsa-miR-130b-3p"	 0	 0	 1	 0	 0	 0	 0	 0	 0	 0	 12	 0	 0	 0	 11	 3	 9	 39	 0	 0	 3	 0	 0	 0	 0	 0	 84	 0	 0	 0	 0	 7	 0	 0	 0	 0	 0	 0	 26	 0	 22	 0	 0	 45	 0	 0	 0	 0	 0	 0	 0	 1	 44	 0	 0	 0	 0	 0	 25	 0	 65	 0	 0	 0	 0	 0	 0	 0	 0	 0	 3	 0	 0	 0	 0	 0	 0	 0	 92	 153	 0	 2	 28	 0	 0	 0	 0	 0	 4	 32	 7	 0	 0	 0	 0	 0	 1	 0	 0	 0	 0	 17	 0	 0	 4	 0	 0	 0	 0	 0	 0	 0	 4	 0	 3	 0	 0	 0	 570	 0	 13	 0	 0	 0	 0	 6	 0	 13	 0	 0	 0	 1	 0	 42	 0	 51	 0	 0	 8	 0	 0	 0	 0	 0	 0	 1	 0	 0	 0	 0	 12	 2	 5	 0	 0	 0	 6	 23	 0	 0	 45	 0	 0	 0	 0	 0	 0	 0	 1	 0	 0	 8	 0	 3	 1	 0	 0	 0	 0	 0	 0	 0	 0	 0	 4	 13	 0	 0	 0	 3	 0	 0	 8	 0	 0	 412	 0	 1	 0	 0	 0	 0	 0	 0	 8	 0	 0	 0	 0	 0	 9	 0	 0	 6	 0	 18	 0	 0	 7	 0	 61	 11	 1	 0	 0	 0	 0	 0	 1	 0	 0	 0	 6	 0	 0	 26	 1	 9	 8	 1	 0	 21	 15	 25	 47	 15	 35	 34	 7	 0	 0	 0	 0	 0	 0	 0	 10	 0	 52	 0	 69	 0	 0	 0	 0	 4.83853644471748
"hsa-miR-744-5p"	 0	 103	 56	 11	 0	 76	 37	 0	 33	 0	 59	 45	 0	 0	 163	 79	 0	 253	 43	 11	 7	 215	 184	 593	 0	 0	 65	 1	 72	 20	 10	 70	 23	 51	 0	 0	 91	 67	 134	 0	 144	 0	 0	 114	 47	 61	 16	 0	 0	 0	 61	 0	 867	 21	 0	 0	 15	 225	 40	 755	 28	 0	 0	 0	 0	 0	 105	 219	 21	 0	 78	 0	 44	 0	 42	 0	 0	 0	 1	 876	 81	 95	 133	 37	 530	 30	 109	 41	 25	 114	 407	 0	 0	 0	 71	 0	 3	 22	 18	 0	 292	 751	 1	 195	 45	 0	 310	 69	 7	 1	 57	 0	 50	 0	 47	 0	 62	 28	 9196	 24	 24	 161	 7	 0	 202	 53	 0	 27	 89	 10	 0	 0	 27	 679	 180	 17	 12	 0	 63	 65	 112	 0	 30	 0	 148	 21	 0	 1	 156	 241	 4	 34	 66	 28	 0	 0	 48	 35	 0	 187	 223	 30	 34	 0	 29	 56	 0	 0	 0	 24	 0	 70	 121	 59	 27	 1	 124	 24	 14	 30	 168	 50	 0	 10	 62	 137	 36	 0	 0	 123	 9	 212	 96	 95	 64	 398	 0	 1	 0	 1	 1	 50	 82	 0	 29	 15	 39	 75	 89	 0	 83	 0	 115	 35	 142	 299	 444	 120	 29	 323	 0	 17	 114	 179	 7	 141	 15	 274	 29	 167	 40	 768	 204	 0	 4	 635	 78	 68	 1	 26	 62	 0	 185	 249	 566	 51	 392	 139	 28	 95	 0	 60	 12	 49	 9	 91	 206	 181	 50	 115	 65	 46	 177	 93	 82	 4.7943796632691
"hsa-miR-122-5p"	 4	 0	 32	 24	 0	 0	 9	 2	 3	 0	 6	 2	 0	 0	 11	 47	 18	 6	 1163	 0	 18	 0	 0	 39	 80	 0	 0	 24	 0	 0	 0	 0	 0	 0	 3	 0	 64	 17	 0	 0	 384	 0	 0	 29	 8	 0	 0	 1	 23	 1	 0	 0	 109	 527	 1	 0	 0	 16	 0	 77	 0	 0	 0	 0	 9	 0	 0	 2	 0	 0	 52	 87	 0	 1	 0	 0	 0	 0	 3	 130	 0	 23	 22	 0	 0	 0	 0	 0	 0	 0	 0	 0	 0	 0	 0	 0	 3	 0	 0	 0	 0	 31	 2	 0	 3	 0	 38	 0	 3	 0	 0	 0	 3	 0	 3	 0	 33	 63	 231	 3	 0	 0	 53	 0	 0	 6	 0	 34	 0	 3	 1	 42	 0	 82	 0	 0	 0	 0	 1	 0	 97	 0	 0	 82	 117	 2	 0	 0	 0	 76	 4	 0	 4	 0	 0	 0	 0	 0	 0	 0	 0	 0	 1	 0	 0	 0	 0	 0	 1938	 0	 648	 2	 0	 19	 847	 0	 4	 0	 0	 1	 0	 0	 21	 0	 31	 6	 2	 0	 52	 49	 0	 0	 1	 1	 0	 41	 0	 0	 0	 12	 0	 0	 0	 0	 0	 1	 70	 5	 31	 0	 3	 2	 2	 1	 0	 34	 0	 1	 0	 0	 0	 0	 0	 0	 0	 0	 10	 0	 0	 13	 86	 0	 2	 57	 0	 49	 0	 0	 0	 0	 0	 22	 0	 11	 0	 23	 0	 22	 0	 0	 0	 0	 1	 0	 0	 0	 0	 0	 1137	 0	 0	 0	 127	 25	 40	 4.78386558846655
"hsa-miR-142-3p"	 0	 0	 0	 0	 0	 0	 43	 2	 0	 0	 10	 3	 0	 0	 37	 1	 0	 0	 143	 50	 0	 0	 1	 0	 0	 2	 0	 0	 0	 0	 0	 0	 0	 0	 0	 0	 0	 0	 0	 0	 0	 0	 0	 0	 0	 0	 45	 0	 0	 0	 0	 74	 0	 0	 2	 0	 0	 0	 0	 579	 0	 0	 0	 0	 1	 0	 0	 0	 0	 1	 0	 0	 0	 0	 0	 0	 0	 0	 1	 25	 0	 8	 3	 56	 0	 51	 0	 0	 2	 0	 13	 0	 0	 0	 0	 0	 0	 0	 0	 0	 115	 29	 1	 0	 2	 9	 0	 0	 0	 110	 0	 0	 2	 0	 0	 0	 0	 0	 380	 2	 110	 0	 71	 0	 0	 9	 0	 40	 289	 0	 0	 0	 0	 29	 98	 0	 0	 0	 1	 0	 31	 0	 0	 0	 117	 2	 0	 0	 0	 0	 0	 30	 0	 0	 0	 0	 0	 82	 0	 9	 3	 0	 0	 0	 0	 0	 0	 0	 0	 0	 0	 0	 0	 25	 0	 0	 0	 0	 0	 0	 0	 0	 10	 0	 5	 0	 0	 0	 0	 0	 0	 0	 0	 0	 0	 1861	 0	 24	 0	 0	 0	 0	 315	 0	 0	 5	 1	 28	 1	 0	 0	 0	 513	 28	 16	 0	 0	 0	 2	 0	 0	 15	 743	 0	 12	 2	 0	 0	 0	 144	 0	 541	 47	 1	 0	 114	 0	 229	 53	 0	 31	 37	 0	 0	 21	 0	 10	 82	 57	 0	 0	 8	 0	 30	 0	 0	 0	 0	 0	 20	 0	 0	 29	 18	 0	 4.78173130624843
"hsa-miR-708-3p"	 0	 0	 0	 0	 0	 1	 0	 0	 0	 0	 0	 0	 0	 0	 8	 2	 0	 37	 21	 0	 0	 29	 0	 0	 0	 0	 66	 0	 0	 0	 0	 18	 0	 0	 0	 0	 0	 0	 42	 0	 0	 0	 0	 28	 0	 0	 0	 0	 0	 0	 0	 0	 44	 0	 0	 0	 10	 36	 76	 0	 0	 0	 0	 0	 0	 0	 0	 0	 0	 0	 0	 0	 0	 0	 0	 82	 0	 0	 0	 74	 2	 9	 6	 25	 0	 0	 35	 12	 0	 12	 27	 0	 0	 0	 0	 0	 1	 0	 0	 0	 0	 16	 2	 0	 0	 0	 0	 0	 0	 0	 0	 0	 1	 0	 0	 0	 0	 62	 604	 0	 0	 18	 0	 0	 0	 15	 0	 0	 0	 0	 0	 0	 0	 0	 0	 0	 0	 0	 0	 0	 0	 0	 0	 0	 120	 1	 0	 0	 0	 0	 3	 6	 6	 0	 0	 0	 8	 0	 0	 10	 9	 0	 0	 0	 0	 0	 0	 0	 0	 0	 0	 5	 54	 8	 0	 0	 1	 0	 0	 9	 0	 12	 0	 0	 8	 10	 6	 0	 0	 5	 0	 0	 22	 9	 0	 0	 0	 0	 0	 0	 0	 0	 0	 0	 16	 8	 0	 0	 32	 0	 6	 0	 24	 27	 0	 19	 0	 0	 0	 0	 0	 10	 14	 0	 0	 0	 0	 0	 0	 4	 0	 0	 16	 0	 0	 107	 32	 0	 0	 0	 38	 0	 17	 0	 75	 0	 3	 14	 3	 0	 0	 1	 13	 0	 0	 0	 3	 0	 0	 5	 0	 0	 38	 0	 0	 4.72836133335585
"hsa-miR-324-5p"	 0	 0	 0	 1	 0	 15	 1	 1	 0	 12	 11	 3	 0	 0	 0	 37	 0	 82	 4	 33	 3	 0	 0	 0	 0	 0	 0	 0	 0	 61	 0	 11	 0	 16	 0	 0	 47	 38	 40	 60	 0	 0	 0	 16	 1	 0	 0	 0	 0	 1	 0	 0	 286	 0	 0	 0	 7	 82	 39	 56	 0	 0	 53	 0	 0	 0	 0	 0	 0	 0	 0	 0	 0	 0	 10	 0	 0	 0	 0	 213	 9	 23	 7	 67	 22	 0	 18	 14	 3	 90	 148	 0	 0	 0	 0	 0	 0	 0	 0	 0	 0	 260	 0	 326	 8	 30	 65	 0	 0	 0	 0	 0	 5	 0	 11	 0	 0	 30	 1711	 3	 29	 50	 0	 25	 49	 46	 38	 0	 0	 6	 0	 0	 0	 72	 53	 0	 0	 0	 4	 20	 0	 0	 3	 0	 72	 7	 0	 0	 1	 34	 6	 15	 17	 3	 0	 0	 37	 4	 0	 78	 39	 31	 0	 0	 0	 0	 28	 0	 0	 0	 0	 7	 0	 10	 43	 0	 16	 0	 0	 0	 90	 15	 0	 0	 46	 21	 5	 0	 0	 55	 0	 14	 0	 0	 0	 108	 0	 0	 0	 0	 0	 12	 22	 0	 0	 11	 0	 27	 10	 0	 24	 0	 21	 0	 23	 66	 0	 0	 12	 0	 0	 17	 7	 0	 1	 15	 11	 0	 3	 52	 0	 0	 12	 0	 3	 131	 0	 19	 0	 0	 32	 0	 49	 31	 100	 0	 127	 49	 16	 0	 0	 0	 6	 0	 0	 0	 26	 24	 29	 1	 15	 0	 0	 12	 96	 4.62404955606196
"hsa-miR-1843"	 0	 0	 52	 10	 0	 0	 6	 0	 1	 0	 22	 4	 0	 0	 59	 30	 23	 21	 19	 0	 1	 90	 0	 0	 0	 0	 0	 0	 0	 0	 0	 19	 7	 0	 0	 0	 0	 52	 63	 0	 0	 0	 0	 71	 0	 0	 0	 0	 0	 0	 0	 0	 439	 0	 0	 0	 1	 44	 53	 0	 0	 0	 0	 2	 0	 0	 0	 46	 0	 0	 33	 0	 11	 1	 63	 0	 0	 0	 0	 147	 0	 22	 2	 0	 0	 54	 23	 0	 2	 87	 63	 0	 0	 0	 0	 0	 0	 0	 0	 0	 0	 104	 0	 0	 10	 66	 0	 0	 0	 147	 59	 0	 2	 0	 3	 0	 0	 27	 1356	 3	 72	 0	 14	 0	 0	 13	 0	 0	 0	 9	 0	 0	 0	 82	 0	 0	 0	 0	 2	 0	 0	 0	 12	 5	 24	 4	 0	 5	 0	 1	 9	 8	 3	 10	 0	 0	 8	 0	 90	 0	 22	 53	 0	 0	 24	 30	 0	 0	 0	 0	 0	 24	 16	 3	 0	 84	 19	 1	 0	 0	 85	 8	 0	 0	 12	 0	 21	 12	 0	 17	 6	 15	 12	 23	 0	 0	 0	 0	 0	 23	 0	 3	 0	 0	 0	 27	 18	 17	 0	 0	 39	 0	 0	 19	 0	 22	 0	 26	 12	 0	 0	 5	 20	 0	 7	 0	 0	 0	 0	 0	 54	 0	 29	 0	 0	 218	 49	 3	 0	 0	 0	 0	 15	 17	 94	 1	 17	 30	 4	 0	 7	 0	 20	 0	 0	 0	 68	 93	 0	 3	 0	 0	 0	 0	 0	 4.59184721182937
"hsa-miR-7704"	 0	 0	 28	 0	 0	 0	 0	 0	 0	 4	 0	 7	 0	 0	 0	 0	 0	 24	 0	 0	 0	 0	 1	 0	 52	 0	 0	 0	 0	 0	 0	 0	 0	 0	 0	 0	 0	 0	 13	 0	 0	 0	 0	 23	 0	 0	 0	 0	 0	 0	 68	 0	 0	 22	 0	 0	 0	 0	 0	 0	 0	 0	 0	 0	 0	 0	 0	 0	 0	 0	 0	 0	 0	 0	 12	 0	 0	 0	 0	 62	 14	 0	 0	 0	 130	 1	 2	 0	 0	 0	 0	 0	 0	 0	 0	 0	 0	 0	 0	 0	 109	 0	 7	 0	 0	 1	 0	 0	 0	 0	 0	 0	 2	 0	 0	 0	 0	 0	 207	 0	 0	 33	 0	 0	 0	 6	 0	 32	 0	 3	 0	 0	 0	 10	 0	 58	 0	 0	 3	 0	 0	 0	 0	 0	 0	 6	 0	 42	 0	 113	 4	 0	 2	 8	 0	 0	 0	 0	 0	 0	 27	 0	 111	 0	 0	 0	 0	 0	 1	 0	 0	 0	 14	 0	 0	 0	 8	 6	 0	 16	 19	 2	 29	 19	 5	 19	 0	 0	 0	 0	 0	 0	 8	 0	 16	 40	 0	 0	 0	 0	 4	 0	 0	 0	 0	 7	 0	 0	 0	 0	 0	 0	 0	 0	 0	 10	 0	 0	 0	 0	 0	 1	 0	 0	 0	 0	 0	 0	 0	 0	 0	 505	 3	 0	 0	 0	 0	 0	 0	 0	 0	 0	 0	 23	 82	 0	 52	 16	 0	 0	 1	 14	 13	 0	 0	 0	 0	 0	 60	 0	 0	 0	 0	 0	 0	 4.45286598286246
"hsa-miR-499a-5p"	 6	 17	 59	 20	 0	 0	 3	 0	 0	 0	 27	 20	 0	 60	 69	 23	 27	 77	 18	 0	 5	 23	 0	 190	 0	 0	 0	 0	 0	 49	 26	 0	 0	 18	 0	 0	 0	 0	 120	 0	 96	 0	 1	 163	 0	 0	 8	 0	 0	 0	 15	 0	 496	 0	 0	 0	 21	 0	 144	 27	 0	 0	 0	 0	 57	 0	 118	 0	 0	 0	 120	 0	 26	 0	 0	 0	 0	 0	 1	 589	 0	 46	 28	 211	 28	 0	 16	 0	 3	 58	 141	 0	 0	 0	 0	 0	 1	 141	 9	 0	 0	 316	 1	 24	 19	 128	 0	 0	 2	 0	 0	 0	 19	 0	 26	 0	 52	 0	 3116	 6	 20	 32	 0	 0	 0	 69	 0	 0	 0	 4	 0	 80	 105	 94	 0	 0	 0	 0	 24	 13	 0	 0	 29	 16	 26	 4	 0	 19	 0	 0	 24	 28	 48	 15	 0	 0	 39	 13	 0	 36	 39	 28	 0	 0	 0	 75	 0	 0	 0	 28	 9	 20	 43	 8	 0	 0	 45	 0	 0	 26	 182	 26	 0	 31	 59	 131	 24	 109	 0	 80	 15	 188	 105	 0	 37	 316	 0	 0	 1	 0	 0	 57	 0	 0	 21	 58	 0	 58	 32	 0	 73	 0	 0	 10	 46	 52	 17	 49	 18	 24	 51	 19	 63	 0	 13	 103	 2	 0	 0	 56	 78	 0	 110	 0	 8	 184	 40	 42	 0	 17	 43	 74	 124	 54	 174	 11	 121	 120	 16	 30	 4	 18	 21	 0	 0	 45	 75	 123	 24	 67	 0	 0	 0	 49	 119	 4.39440171643695
"hsa-miR-584-5p"	 16	 159	 390	 4	 0	 21	 33	 21	 6	 62	 47	 34	 0	 164	 209	 7	 13	 359	 52	 0	 0	 199	 2	 1101	 94	 0	 209	 0	 0	 128	 42	 74	 35	 16	 0	 0	 36	 427	 144	 309	 69	 34	 0	 304	 257	 21	 30	 0	 37	 740	 0	 185	 1922	 3	 0	 74	 75	 75	 76	 191	 815	 0	 0	 1	 0	 34	 191	 158	 0	 0	 116	 0	 134	 0	 283	 7	 62	 331	 0	 770	 5	 159	 32	 134	 927	 144	 66	 102	 39	 340	 777	 0	 84	 34	 193	 0	 2	 390	 379	 0	 0	 1136	 0	 728	 112	 455	 346	 55	 5	 296	 50	 0	 56	 53	 42	 0	 50	 225	 14056	 14	 725	 231	 1	 28	 108	 41	 175	 2	 72	 14	 18	 24	 100	 562	 111	 395	 0	 1	 91	 59	 0	 0	 27	 16	 365	 65	 1	 267	 56	 279	 9	 25	 70	 31	 0	 60	 116	 76	 31	 301	 257	 428	 61	 0	 23	 21	 33	 85	 0	 1	 29	 65	 238	 15	 142	 105	 120	 32	 4	 0	 151	 95	 146	 0	 196	 163	 12	 0	 1	 110	 78	 172	 143	 161	 16	 178	 0	 12	 0	 0	 0	 48	 171	 0	 61	 153	 358	 66	 139	 0	 540	 26	 397	 141	 99	 441	 307	 348	 67	 501	 373	 31	 83	 0	 42	 314	 0	 369	 10	 272	 69	 119	 83	 0	 8	 337	 136	 282	 39	 57	 116	 301	 69	 731	 664	 75	 175	 383	 91	 162	 199	 293	 172	 21	 13	 409	 472	 646	 418	 157	 67	 1	 250	 22	 196	 4.3894828316191
"hsa-miR-486-5p"	 181	 1	 156	 45	 0	 2	 3	 25	 58	 9	 113	 43	 1	 343	 98	 57	 14	 188	 75	 1	 26	 13	 0	 0	 51	 40	 85	 112	 0	 24	 15	 12	 7	 0	 52	 62	 29	 104	 52	 382	 80	 82	 1	 398	 96	 10	 41	 34	 65	 165	 0	 62	 109	 1	 52	 91	 38	 49	 90	 33	 276	 0	 23	 1	 16	 78	 124	 116	 0	 1	 35	 24	 37	 1	 40	 2	 0	 132	 58	 0	 141	 10	 72	 85	 6	 0	 1	 69	 16	 73	 184	 1	 0	 28	 659	 84	 47	 115	 20	 0	 1	 223	 94	 199	 79	 115	 38	 367	 50	 1	 54	 8	 64	 1	 39	 3	 41	 2	 7804	 25	 192	 77	 21	 0	 56	 393	 1	 6	 518	 29	 19	 47	 1	 71	 0	 1	 41	 0	 16	 14	 102	 2	 29	 0	 41	 26	 2	 119	 0	 0	 3	 18	 98	 15	 2	 162	 153	 64	 0	 56	 198	 33	 93	 1	 63	 8	 2	 137	 18	 8	 108	 6	 121	 23	 7	 0	 24	 30	 0	 21	 795	 7	 61	 1	 17	 3	 9	 67	 42	 16	 2	 335	 218	 87	 0	 2094	 0	 1	 1	 50	 3	 62	 36	 18	 282	 42	 0	 95	 34	 27	 147	 31	 75	 44	 61	 51	 240	 12	 11	 33	 106	 296	 98	 0	 9	 47	 18	 207	 23	 73	 14	 463	 790	 27	 0	 72	 51	 26	 17	 0	 11	 494	 18	 988	 686	 2	 181	 103	 28	 2	 118	 22	 6	 24	 2	 105	 36	 102	 29	 34	 1631	 1	 0	 23	 68	 4.38307113443394
"hsa-miR-155-5p"	 1	 181	 173	 22	 0	 17	 16	 0	 3	 59	 39	 3	 65	 80	 65	 17	 36	 1139	 203	 2	 3	 1199	 0	 93	 0	 10	 0	 0	 0	 1	 0	 27	 0	 13	 1	 91	 140	 117	 140	 0	 56	 0	 0	 134	 0	 0	 23	 2	 0	 44	 94	 15	 727	 13	 0	 0	 6	 0	 35	 267	 42	 0	 0	 0	 188	 37	 0	 148	 0	 0	 61	 1	 61	 0	 164	 80	 0	 0	 92	 230	 0	 17	 20	 0	 0	 98	 0	 12	 2	 108	 104	 0	 0	 15	 1	 0	 1	 0	 61	 0	 0	 105	 0	 1186	 4	 53	 17	 0	 1	 148	 0	 0	 5	 0	 7	 0	 0	 153	 1697	 3	 92	 22	 32	 0	 0	 215	 4	 11	 1099	 5	 0	 0	 75	 3589	 35	 0	 0	 0	 4	 21	 0	 0	 2	 1	 92	 1	 0	 38	 110	 235	 11	 15	 15	 43	 0	 0	 21	 45	 0	 19	 525	 0	 0	 0	 46	 6	 496	 278	 0	 0	 13	 10	 116	 26	 0	 0	 27	 0	 1	 0	 110	 15	 16	 0	 21	 31	 194	 0	 1	 7	 0	 195	 143	 69	 0	 410	 24	 34	 0	 24	 0	 20	 180	 48	 29	 48	 50	 267	 10	 0	 31	 0	 267	 41	 30	 25	 2	 37	 14	 212	 0	 27	 60	 0	 35	 89	 26	 0	 5	 15	 0	 14	 248	 0	 0	 335	 125	 23	 20	 30	 40	 28	 201	 402	 2340	 15	 6981	 94	 3	 0	 41	 0	 7	 0	 0	 106	 3	 21	 1	 25	 0	 0	 156	 5	 367	 4.37051574398826
"hsa-miR-15a-5p"	 11	 44	 83	 6	 0	 0	 3	 11	 11	 26	 35	 23	 0	 50	 117	 38	 43	 216	 36	 10	 11	 48	 0	 141	 0	 0	 0	 0	 0	 0	 0	 0	 0	 40	 0	 0	 27	 0	 120	 0	 52	 0	 0	 118	 1	 0	 13	 0	 0	 0	 0	 0	 1124	 13	 0	 27	 25	 0	 135	 99	 0	 42	 0	 0	 0	 0	 0	 0	 0	 0	 82	 0	 53	 520	 52	 47	 2	 0	 0	 680	 1	 54	 70	 73	 145	 0	 5	 0	 4	 138	 173	 0	 0	 0	 142	 0	 0	 39	 58	 0	 175	 527	 0	 32	 32	 75	 108	 61	 0	 0	 30	 19	 33	 0	 34	 0	 77	 239	 5064	 3	 8	 0	 0	 0	 44	 98	 0	 44	 134	 5	 0	 18	 110	 84	 86	 0	 0	 0	 40	 0	 0	 0	 30	 13	 95	 18	 0	 30	 0	 106	 14	 38	 43	 10	 0	 0	 33	 99	 109	 31	 184	 69	 30	 0	 0	 11	 0	 260	 0	 0	 18	 0	 235	 10	 1	 84	 72	 33	 7	 0	 101	 7	 28	 1	 64	 63	 10	 112	 0	 82	 4	 38	 159	 42	 18	 2031	 0	 1	 0	 1	 1	 27	 638	 13	 48	 18	 19	 63	 18	 0	 22	 6	 118	 73	 26	 131	 39	 53	 5	 120	 1	 32	 141	 0	 16	 72	 10	 0	 0	 70	 64	 243	 79	 48	 0	 535	 76	 40	 19	 0	 97	 0	 62	 258	 333	 6	 187	 85	 26	 44	 34	 34	 2	 1	 0	 0	 73	 213	 25	 47	 44	 0	 1	 9	 181	 4.32786784428233
"hsa-miR-146b-3p"	 0	 0	 0	 0	 1	 50	 0	 15	 0	 0	 11	 2	 0	 16	 0	 16	 0	 24	 0	 0	 1	 0	 0	 0	 0	 0	 0	 0	 0	 0	 0	 0	 0	 0	 0	 0	 0	 0	 10	 0	 0	 0	 0	 0	 0	 14	 0	 0	 0	 0	 0	 50	 69	 0	 0	 0	 25	 0	 0	 0	 0	 0	 0	 0	 0	 0	 0	 0	 0	 0	 0	 0	 39	 0	 0	 0	 0	 0	 0	 0	 25	 3	 9	 0	 128	 0	 12	 2	 0	 0	 5	 0	 65	 19	 0	 0	 0	 0	 0	 0	 0	 28	 3	 0	 3	 155	 0	 0	 0	 0	 75	 0	 5	 0	 10	 0	 0	 0	 650	 3	 18	 0	 0	 0	 0	 9	 0	 0	 0	 0	 0	 0	 25	 15	 88	 0	 0	 0	 8	 0	 0	 0	 4	 0	 0	 0	 0	 13	 0	 0	 0	 16	 5	 0	 0	 0	 8	 0	 0	 39	 30	 6	 0	 0	 0	 12	 0	 0	 0	 0	 0	 14	 17	 8	 48	 0	 16	 0	 5	 0	 31	 5	 0	 0	 3	 33	 0	 0	 0	 16	 0	 0	 22	 0	 0	 0	 0	 0	 0	 0	 2	 3	 0	 0	 37	 0	 0	 0	 0	 0	 19	 8	 35	 0	 29	 45	 1	 0	 4	 0	 0	 0	 11	 0	 19	 0	 0	 0	 10	 17	 0	 0	 10	 0	 0	 92	 0	 0	 0	 0	 0	 38	 29	 31	 62	 0	 17	 14	 0	 0	 0	 22	 6	 0	 0	 0	 13	 14	 24	 14	 0	 0	 0	 0	 35	 4.26282573606048
"hsa-miR-146b-5p"	 0	 390	 2377	 60	 545	 117	 105	 38	 19	 136	 412	 108	 0	 607	 1347	 210	 112	 1343	 639	 191	 53	 922	 123	 1351	 1002	 8	 372	 110	 0	 1617	 228	 715	 49	 329	 1	 701	 1433	 337	 1270	 475	 865	 0	 0	 1473	 413	 133	 239	 189	 47	 35	 142	 183	 5603	 44	 0	 116	 547	 716	 1269	 905	 330	 264	 325	 212	 580	 632	 1802	 497	 111	 0	 927	 68	 443	 128	 289	 757	 889	 2	 3	 2943	 185	 606	 393	 1044	 966	 557	 106	 301	 24	 729	 1034	 2	 381	 269	 618	 250	 15	 1103	 490	 92	 607	 2854	 5	 1691	 160	 690	 209	 239	 8	 879	 266	 23	 113	 31	 151	 221	 285	 715	 45690	 104	 1131	 198	 90	 123	 221	 603	 463	 127	 1851	 28	 103	 843	 142	 1924	 1602	 289	 146	 0	 210	 233	 592	 2	 132	 100	 719	 52	 68	 681	 186	 777	 158	 275	 294	 186	 0	 483	 397	 336	 922	 721	 1122	 378	 1	 44	 167	 399	 298	 21	 48	 161	 246	 390	 2110	 204	 29	 324	 381	 43	 235	 43	 1196	 275	 437	 47	 299	 868	 153	 699	 1	 550	 101	 1324	 1643	 392	 47	 2149	 3	 103	 1	 94	 20	 567	 729	 158	 339	 542	 320	 648	 767	 1	 616	 18	 629	 206	 770	 1382	 1190	 456	 147	 716	 723	 229	 1202	 25	 145	 597	 159	 609	 93	 629	 661	 991	 1828	 210	 51	 4913	 939	 416	 140	 191	 1781	 804	 1021	 2055	 2277	 132	 966	 886	 106	 301	 411	 310	 299	 181	 73	 349	 510	 1237	 1142	 755	 571	 1	 355	 141	 1145	 4.08476058160588
"hsa-miR-577"	 0	 69	 46	 0	 0	 0	 0	 0	 0	 0	 4	 0	 0	 0	 51	 9	 0	 0	 11	 0	 4	 57	 0	 188	 0	 0	 0	 0	 0	 0	 0	 0	 0	 0	 0	 47	 271	 0	 147	 0	 0	 0	 0	 0	 0	 21	 0	 0	 0	 0	 0	 0	 107	 0	 0	 0	 0	 0	 201	 0	 0	 0	 0	 0	 0	 0	 0	 37	 0	 0	 59	 0	 0	 0	 0	 0	 0	 0	 0	 61	 5	 25	 3	 0	 0	 0	 0	 1	 2	 128	 42	 0	 0	 0	 0	 0	 0	 0	 0	 0	 0	 0	 0	 0	 21	 0	 0	 0	 0	 1	 0	 0	 12	 0	 21	 0	 1	 19	 1001	 6	 73	 0	 0	 0	 0	 3	 0	 0	 0	 2	 0	 0	 0	 13	 0	 0	 0	 0	 6	 0	 0	 0	 0	 0	 88	 2	 0	 0	 0	 22	 11	 63	 54	 0	 0	 0	 20	 8	 125	 25	 0	 10	 0	 0	 0	 24	 0	 0	 0	 0	 25	 13	 68	 0	 0	 0	 26	 0	 6	 0	 12	 29	 29	 0	 9	 30	 2	 0	 0	 81	 0	 0	 7	 0	 0	 75	 0	 0	 0	 0	 0	 0	 0	 0	 0	 0	 75	 0	 0	 0	 21	 0	 0	 0	 50	 0	 0	 28	 16	 0	 0	 0	 0	 0	 0	 19	 0	 0	 6	 0	 0	 0	 7	 0	 0	 156	 0	 0	 7	 0	 1	 63	 24	 142	 98	 0	 19	 50	 1	 0	 0	 0	 26	 0	 1	 0	 47	 0	 0	 12	 35	 0	 0	 0	 0	 4.07119356123596
"hsa-miR-1246"	 8	 0	 1	 1	 1	 0	 0	 0	 1	 0	 0	 2	 0	 0	 0	 7	 16	 0	 0	 5	 0	 23	 0	 0	 0	 0	 0	 0	 0	 0	 0	 0	 0	 5	 0	 0	 17	 0	 0	 0	 0	 0	 0	 22	 0	 0	 0	 0	 0	 0	 0	 25	 0	 0	 0	 53	 0	 1	 60	 58	 51	 0	 0	 0	 0	 0	 0	 0	 0	 0	 9	 1	 15	 0	 0	 0	 0	 2	 2	 0	 5	 0	 0	 56	 0	 2	 0	 1	 2	 0	 0	 0	 0	 0	 0	 0	 0	 0	 0	 0	 0	 0	 1	 0	 0	 0	 0	 0	 0	 0	 0	 0	 0	 0	 0	 0	 0	 0	 0	 1	 0	 11	 1	 0	 0	 1	 12	 62	 0	 1	 0	 0	 59	 0	 0	 54	 0	 0	 0	 0	 0	 0	 0	 0	 1	 0	 0	 14	 0	 0	 0	 9	 0	 0	 0	 0	 10	 0	 0	 0	 8	 0	 0	 0	 1	 24	 0	 0	 0	 0	 0	 0	 1	 0	 0	 58	 0	 0	 7	 109	 0	 0	 0	 0	 0	 12	 0	 0	 0	 1	 0	 0	 0	 0	 0	 0	 248	 0	 0	 1	 0	 48	 0	 0	 0	 0	 1	 79	 28	 0	 29	 0	 0	 0	 0	 0	 0	 0	 0	 0	 1	 1	 0	 0	 4	 0	 12	 0	 0	 0	 0	 307	 7	 0	 0	 0	 0	 29	 0	 0	 0	 0	 3	 67	 345	 0	 0	 5	 9	 0	 0	 0	 0	 0	 0	 0	 17	 0	 54	 17	 0	 31	 1	 0	 21	 4.06275617635556
"hsa-miR-375-3p"	 19	 9519	 60958	 3531	 353	 225	 220	 375	 275	 5932	 428	 173	 10	 4596	 7179	 226	 319	 43564	 1679	 207	 22	 38105	 814	 1037	 9750	 106	 2386	 0	 5507	 945	 1027	 5434	 1257	 288	 1253	 194	 2075	 437	 1316	 174	 634	 480	 91	 4933	 203	 257	 1005	 352	 294	 1266	 10030	 469	 7142	 26	 10	 613	 1871	 212	 3600	 1876	 899	 234	 34	 536	 601	 8851	 1477	 586	 420	 0	 1045	 190	 2567	 454	 27379	 292	 534	 151	 748	 5336	 389	 1053	 801	 3279	 3772	 2835	 995	 151	 345	 24773	 2127	 548	 2	 92	 736	 601	 7	 7513	 471	 547	 1842	 3074	 65	 125880	 544	 2028	 17376	 3232	 14	 2039	 3766	 481	 194	 619	 70	 501	 446	 12367	 6536	 669	 666	 311	 29	 79	 138	 658	 1921	 187	 2700	 74	 147	 627	 746	 239191	 3202	 1577	 446	 425	 328	 649	 2444	 387	 266	 156	 4238	 85	 254	 7327	 21959	 2987	 175	 490	 1504	 6453	 0	 603	 1404	 176	 5155	 1084	 43294	 332	 3284	 154	 1040	 167	 18817	 970	 49	 377	 853	 474	 1228	 266	 335	 836	 933	 77	 159	 1201	 2591	 85	 1445	 106	 1116	 173	 7701	 1040	 297	 302	 869	 32136	 1081	 1189	 355	 36345	 402	 241	 66	 89	 69	 6176	 1520	 1220	 990	 853	 263	 692	 371	 56	 1595	 90	 584	 409	 14061	 476	 2241	 3907	 96	 5379	 1837	 517	 4852	 1176	 164	 330	 277	 632	 121	 161	 14075	 2300	 1571	 176	 214	 1362	 12161	 264	 2639	 10069	 890	 4054	 4678	 82281	 245412	 7736	 137740	 2414	 416	 861	 48	 562	 329	 157	 140	 949	 530	 637	 1646	 718	 790	 74	 431	 51	 78220	 4.02460300920005
"hsa-miR-183-3p"	 0	 0	 0	 0	 0	 0	 0	 7	 1	 0	 9	 0	 0	 0	 23	 5	 0	 48	 0	 0	 0	 0	 0	 2	 0	 0	 0	 0	 0	 0	 0	 0	 0	 0	 0	 0	 0	 0	 0	 0	 0	 0	 0	 0	 0	 0	 0	 0	 0	 0	 0	 0	 470	 0	 0	 0	 0	 0	 0	 0	 0	 0	 0	 0	 0	 0	 0	 0	 0	 0	 13	 0	 0	 0	 0	 0	 0	 0	 0	 32	 26	 17	 32	 0	 0	 0	 0	 5	 0	 36	 148	 0	 0	 0	 0	 0	 4	 0	 0	 0	 0	 58	 0	 186	 20	 0	 0	 0	 0	 0	 0	 0	 4	 0	 2	 0	 0	 0	 70	 2	 16	 0	 4	 0	 0	 7	 0	 0	 0	 0	 0	 0	 0	 120	 0	 0	 0	 0	 13	 0	 0	 0	 4	 0	 0	 7	 0	 0	 0	 0	 0	 5	 18	 0	 0	 0	 0	 29	 50	 13	 29	 0	 0	 0	 11	 31	 0	 0	 0	 0	 0	 4	 0	 0	 0	 0	 2	 0	 0	 0	 56	 1	 0	 0	 8	 13	 1	 0	 0	 17	 0	 0	 0	 3	 0	 24	 0	 207	 0	 0	 0	 14	 0	 0	 0	 0	 0	 25	 0	 0	 6	 0	 0	 0	 39	 39	 0	 0	 14	 0	 0	 0	 4	 0	 13	 4	 0	 0	 0	 5	 0	 0	 4	 0	 0	 97	 42	 19	 0	 0	 3	 0	 8	 0	 45	 0	 22	 50	 0	 0	 0	 34	 0	 0	 0	 0	 0	 0	 0	 0	 0	 0	 0	 0	 84	 3.97943769652025
"hsa-miR-6511b-3p"	 0	 0	 1	 0	 0	 2	 17	 0	 0	 0	 4	 2	 0	 12	 22	 10	 0	 34	 19	 0	 0	 144	 0	 1	 0	 0	 0	 0	 0	 6	 0	 0	 0	 0	 0	 0	 0	 0	 5	 0	 26	 0	 0	 12	 115	 0	 0	 0	 0	 30	 0	 13	 133	 0	 0	 0	 16	 0	 60	 66	 25	 20	 0	 0	 0	 0	 0	 0	 1	 0	 38	 0	 0	 0	 0	 0	 0	 0	 0	 141	 0	 28	 8	 0	 47	 0	 0	 8	 6	 0	 62	 0	 0	 0	 36	 0	 2	 0	 0	 0	 0	 66	 0	 37	 3	 0	 0	 0	 1	 1	 0	 0	 6	 0	 3	 0	 0	 29	 675	 1	 12	 0	 9	 0	 0	 8	 0	 0	 24	 2	 0	 14	 0	 56	 0	 0	 0	 0	 3	 0	 0	 0	 7	 0	 0	 4	 0	 26	 1	 38	 1	 2	 10	 0	 0	 0	 1	 0	 49	 0	 13	 2	 0	 0	 0	 17	 0	 0	 0	 0	 36	 1	 41	 0	 0	 0	 14	 0	 5	 0	 0	 2	 7	 0	 9	 20	 0	 0	 0	 19	 0	 18	 14	 13	 0	 0	 0	 199	 0	 0	 0	 6	 0	 0	 9	 2	 0	 0	 0	 0	 1	 4	 0	 0	 0	 13	 83	 0	 0	 46	 0	 0	 13	 0	 0	 36	 6	 0	 0	 7	 0	 0	 4	 0	 0	 78	 0	 0	 1	 0	 6	 0	 8	 0	 61	 0	 5	 7	 0	 0	 4	 0	 0	 0	 0	 14	 6	 1	 73	 0	 28	 0	 37	 0	 6	 3.87886697511477
"hsa-miR-342-5p"	 0	 63	 141	 4	 0	 24	 0	 0	 2	 0	 13	 14	 0	 43	 41	 6	 0	 159	 42	 0	 1	 2	 0	 180	 0	 0	 60	 0	 0	 0	 0	 0	 0	 0	 0	 0	 151	 199	 0	 59	 16	 0	 0	 12	 0	 0	 0	 0	 0	 0	 27	 0	 278	 24	 0	 0	 38	 3	 42	 0	 0	 0	 0	 189	 0	 0	 111	 0	 0	 0	 28	 0	 9	 0	 0	 0	 0	 0	 0	 179	 6	 15	 29	 0	 126	 0	 0	 0	 0	 0	 61	 102	 0	 0	 92	 0	 0	 0	 0	 0	 0	 148	 0	 85	 10	 0	 95	 0	 0	 0	 0	 0	 5	 0	 2	 0	 0	 0	 1543	 2	 0	 2	 0	 0	 46	 6	 0	 0	 0	 1	 0	 0	 30	 198	 0	 36	 0	 0	 8	 0	 0	 0	 10	 0	 0	 4	 0	 30	 0	 42	 3	 10	 3	 0	 0	 0	 4	 15	 25	 74	 63	 0	 0	 0	 15	 29	 43	 0	 0	 0	 0	 0	 14	 0	 0	 0	 24	 0	 0	 0	 62	 4	 17	 11	 8	 16	 17	 0	 0	 25	 0	 42	 0	 25	 0	 341	 0	 0	 0	 16	 0	 16	 0	 0	 0	 7	 0	 0	 55	 0	 17	 0	 64	 0	 0	 45	 46	 21	 6	 140	 0	 5	 50	 0	 0	 7	 0	 0	 0	 32	 0	 0	 36	 0	 0	 31	 82	 30	 0	 17	 0	 0	 28	 83	 90	 0	 75	 16	 0	 0	 0	 21	 18	 0	 0	 148	 36	 37	 42	 18	 0	 0	 0	 0	 15	 3.87105595522748
"hsa-miR-6734-5p"	 8	 0	 44	 0	 0	 16	 0	 0	 0	 27	 0	 0	 0	 0	 0	 1	 0	 48	 10	 0	 0	 198	 0	 0	 0	 0	 0	 0	 0	 0	 0	 27	 0	 0	 0	 0	 0	 51	 0	 36	 0	 0	 0	 22	 0	 0	 0	 0	 0	 0	 0	 0	 0	 0	 0	 0	 0	 0	 0	 0	 0	 0	 0	 0	 0	 0	 0	 0	 0	 0	 0	 0	 12	 0	 0	 0	 0	 0	 0	 59	 0	 5	 0	 0	 0	 0	 10	 0	 0	 11	 12	 0	 0	 0	 149	 0	 0	 0	 0	 0	 0	 0	 0	 0	 0	 0	 0	 0	 0	 0	 0	 0	 0	 0	 5	 0	 0	 0	 21	 1	 0	 4	 0	 0	 0	 1	 0	 0	 0	 1	 0	 0	 0	 0	 0	 0	 0	 0	 3	 0	 0	 222	 4	 0	 0	 2	 0	 55	 0	 129	 0	 0	 1	 0	 0	 0	 2	 14	 1	 6	 4	 0	 0	 0	 32	 0	 0	 0	 0	 0	 0	 0	 94	 2	 0	 0	 8	 0	 0	 0	 0	 0	 0	 0	 0	 0	 0	 0	 0	 2	 0	 0	 0	 0	 0	 55	 0	 0	 0	 0	 0	 0	 0	 0	 8	 19	 0	 14	 27	 0	 0	 0	 0	 0	 0	 21	 0	 0	 2	 0	 0	 0	 6	 0	 0	 0	 3	 0	 0	 8	 0	 0	 6	 0	 5	 0	 0	 0	 27	 0	 7	 0	 0	 19	 44	 1	 4	 7	 0	 0	 0	 0	 8	 0	 0	 0	 11	 0	 0	 0	 0	 0	 0	 0	 0	 3.84427048592493
