name	pre-microRNA	RC_adj	UR	32150228_EXO_S1832150228_EXO_S18(total)	RPM (lib)	arm	isoString_RC_adj
hsa-miR-30a-5p	hsa-mir-30a	184401.0	1462.0	54216.676182955	130417.16291872594	5p	mlv3p_528.5|NucVar_1767.0|canonical_23706.0|nta#G_252.5|nta#C_223.0|nta#A_14715.0|mv_8368.5|lv5p_1197.5|nta#C#3_1.0|nta#C#2_77.0|nta#C#1_145.0|nta#T#2_64.0|lv5pT_1197.5|nta#T#1_5476.5|nta#UA_8.0|mlv5p_56.0|lv5p#-3_191.0|lv5p#-2_361.0|lv5p#-1_645.5|lv3p#3_48.5|lv3p#2_73491.5|lv3p#1_41880.5|nta#A#4_4.0|nta#A#3_114.0|nta#A#2_747.0|nta#A#1_13850.0|lv3pT_12626.0|mlv5p#2_1.0|mlv5p#1_55.0|total_184401.0|nta#AU_80.5|lv3pE_115420.5|mlv3p#2_528.5|nta#G#2_39.0|nta#G#1_213.5|lv3p_128046.5|lv3p#-3_649.5|lv3p#-2_584.5|lv3p#-1_11392.0|nta#T_5540.5
hsa-let-7b-5p	hsa-let-7b	133450.5	1316.0	39236.46045820487	94382.54456367067	5p	mlv3p_826.0|NucVar_3016.0|canonical_47179.0|nta#G_939.25|nta#C_157.0|nta#A_23941.0|mv_1176.0|lv5p_1313.0|nta#T#6_1.0|nta#C#2_3.0|nta#T#5_6.0|nta#T#4_28.5|nta#C#1_154.0|lv5p#1_210.0|nta#T#3_44.0|nta#T#2_675.0|lv5pT_1103.0|nta#T#1_13202.5|nta#UA_368.5|mlv5p_143.0|lv5p#-3_272.5|lv5p#-2_88.5|lv5p#-1_742.0|lv3p#2_122.0|nta#A#5_1.0|lv3p#1_30279.5|lv5pE_210.0|nta#A#4_183.0|nta#A#3_585.0|nta#A#2_6334.25|nta#A#1_16837.75|lv3pT_10401.75|mlv5p#1_143.0|total_133450.5|nta#AU_44.0|lv3pE_30401.5|mlv3p#3_584.0|mlv3p#2_242.0|nta#G#2_4.0|nta#G#1_935.25|lv3p_40803.25|lv3p#-3_166.5|lv3p#-2_2187.0|lv3p#-1_8048.25|nta#T_13957.0
hsa-miR-10b-5p	hsa-mir-10b	131022.0	1056.0	38522.44481777827	92664.99379036616	5p	lv5p#-2_308.0|nta#A#1_5535.0|lv5p_4130.0|lv5p#-1_3358.5|canonical_16657.0|lv3pE_1798.0|nta#C#1_304.5|nta#AU_4.0|lv5pE_126.0|nta#G_163.5|nta#C_304.5|nta#G#2_11.0|nta#G#1_152.5|lv3p_93759.5|nta#A_5823.0|nta#UA_9.0|lv3p#1_1798.0|nta#T#3_1.0|nta#T#2_54.0|NucVar_1582.0|nta#T#1_500.0|mv_8047.5|lv3p#-4_386.0|lv3p#-3_831.5|lv3pT_91961.5|lv5p#1_126.0|lv3p#-2_7483.0|lv3p#-1_83261.0|lv5pT_4004.0|nta#T_555.0|lv5p#-4_226.0|nta#A#3_1.0|lv5p#-3_111.5|nta#A#2_287.0|total_131022.0
hsa-miR-10a-5p	hsa-mir-10a	105166.0	1104.0	30920.390710769712	74378.40009279088	5p	mlv3p_1.0|NucVar_1703.0|canonical_18139.0|nta#G_77.5|nta#C_230.5|nta#A_7794.0|mv_7281.5|lv5p_8507.0|nta#C#1_230.5|lv5p#1_90.0|nta#T#3_2.0|nta#T#2_149.0|lv5pT_8417.0|nta#T#1_352.0|lv5p#-4_258.0|nta#UA_3.0|mlv5p_2.0|lv5p#-3_41.5|lv5p#-2_341.0|lv5p#-1_7776.5|lv3p#1_2124.0|lv5pE_90.0|nta#A#3_1.0|nta#A#2_577.0|nta#A#1_7216.0|lv3pT_58803.5|mlv5p#1_2.0|total_105166.0|nta#AU_1.0|lv3pE_2124.0|mlv3p#2_1.0|nta#G#2_14.0|nta#G#1_63.5|lv3p_60927.5|lv3p#-4_140.0|lv3p#-3_1204.5|lv3p#-2_4616.0|lv3p#-1_52843.0|nta#T_503.0
hsa-let-7a-5p	hsa-let-7a-2	76954.71666666574	861.0	22625.84776800379	54426.03793298811	5p	mlv3p_5.0|NucVar_3106.8333333333376|canonical_48817.0|nta#G_358.916666666666|nta#C_102.14999999999995|nta#A_5853.733333333319|mv_254.16666666666669|lv5p_1067.283333333333|nta#C#3_0.3333333333333333|nta#C#2_0.3333333333333333|lv5p#2_94.0|nta#T#4_16.78333333333333|nta#C#1_101.48333333333329|lv5p#1_159.0|nta#T#3_36.150000000000006|nta#T#2_10.91666666666667|lv5pT_814.2833333333339|nta#T#1_45.33333333333334|mlv5p_0.25|lv5p#-3_116.69999999999997|lv5p#-2_100.23333333333332|lv5p#-1_597.3500000000001|lv3p#2_67.5|lv3p#1_3381.4166666666715|lv5pE_253.0|nta#A#4_1.0|nta#A#3_146.33333333333337|nta#A#2_1076.949999999999|nta#A#1_4629.4499999999925|lv3pT_13831.283333333335|mlv5p#1_0.25|total_76954.71666666574|nta#AU_1.7999999999999998|lv3pE_3448.9166666666715|mlv3p#2_5.0|nta#G#2_0.3333333333333333|nta#G#1_358.5833333333327|lv3p_17280.199999999964|lv3p#-3_359.6833333333332|lv3p#-2_1106.7666666666669|lv3p#-1_12364.833333333332|nta#T_109.18333333333327
hsa-let-7a-5p	hsa-let-7a-3	76825.21666666574	856.0	22587.77281414946	54334.44937003034	5p	mlv3p_44.0|NucVar_3106.8333333333376|canonical_48817.0|nta#G_358.916666666666|nta#C_102.14999999999995|nta#A_5239.233333333319|mv_623.1666666666667|lv5p_1165.7833333333328|nta#C#3_0.3333333333333333|nta#C#2_0.3333333333333333|nta#T#4_16.78333333333333|nta#C#1_101.48333333333329|lv5p#1_351.5|nta#T#3_37.15000000000001|nta#T#2_10.91666666666667|lv5pT_814.2833333333339|nta#T#1_45.33333333333334|mlv5p_45.25|lv5p#-3_116.69999999999997|lv5p#-2_100.23333333333332|lv5p#-1_597.3500000000001|lv3p#1_3381.4166666666715|lv5pE_351.5|nta#A#3_4.333333333333333|nta#A#2_605.4500000000007|nta#A#1_4629.4499999999925|lv3pT_13831.283333333335|mlv5p#2_45.0|mlv5p#1_0.25|total_76825.21666666574|nta#AU_1.7999999999999998|lv3pE_3381.4166666666715|mlv3p#2_44.0|nta#G#2_0.3333333333333333|nta#G#1_358.5833333333327|lv3p_17212.699999999964|lv3p#-3_359.6833333333332|lv3p#-2_1106.7666666666669|lv3p#-1_12364.833333333332|nta#T_110.18333333333327
hsa-let-7a-5p	hsa-let-7a-1	76824.54999999907	856.0	22587.576804091004	54333.97787163674	5p	mlv3p_296.0|NucVar_3106.8333333333376|canonical_48817.0|nta#G_358.916666666666|nta#C_102.14999999999995|nta#A_5235.233333333319|mv_498.49999999999994|lv5p_922.7833333333339|nta#C#3_0.3333333333333333|nta#C#2_0.3333333333333333|lv5p#2_2.0|nta#T#4_16.78333333333333|nta#C#1_101.48333333333329|lv5p#1_106.5|nta#T#3_36.150000000000006|nta#T#2_10.91666666666667|lv5pT_814.2833333333339|nta#T#1_45.33333333333334|mlv5p_77.25|lv5p#-3_116.69999999999997|lv5p#-2_100.23333333333332|lv5p#-1_597.3500000000001|lv3p#2_88.0|lv3p#1_3381.4166666666715|lv5pE_108.5|nta#A#3_4.333333333333333|nta#A#2_605.4500000000007|nta#A#1_4625.4499999999925|lv3pT_13831.283333333335|mlv5p#2_77.0|mlv5p#1_0.25|total_76824.54999999907|nta#AU_1.7999999999999998|lv3pE_3469.4166666666715|mlv3p#2_296.0|nta#G#2_0.3333333333333333|nta#G#1_358.5833333333327|lv3p_17300.699999999964|lv3p#-3_359.6833333333332|lv3p#-2_1106.7666666666669|lv3p#-1_12364.833333333332|nta#T_109.18333333333327
hsa-let-7f-5p	hsa-let-7f-2	58620.65000000001	609.0	17235.35554950538	41459.31346061904	5p	mlv3p_2.0|NucVar_2613.3|canonical_37136.0|nta#G_19.833333333333332|nta#C_35.7|nta#A_4361.099999999999|mv_315.3333333333333|lv5p_1805.0333333333333|nta#T#4_1.0|nta#C#1_35.7|lv5p#1_252.0|nta#T#3_22.73333333333333|nta#T#2_6.833333333333333|lv5pT_1553.0333333333333|nta#T#1_38.0|mlv5p_77.0|lv5p#-3_147.36666666666665|lv5p#-2_274.0666666666666|lv5p#-1_1131.6|lv3p#2_141.0|lv3p#1_2609.75|lv5pE_252.0|nta#A#3_33.0|nta#A#2_325.5|nta#A#1_4002.6000000000004|lv3pT_9436.033333333333|mlv5p#1_77.0|total_58620.65000000001|nta#AU_1.0|lv3pE_2750.75|mlv3p#2_2.0|nta#G#2_0.5|nta#G#1_19.333333333333332|lv3p_12186.783333333333|lv3p#-3_56.766666666666666|lv3p#-2_786.4333333333334|lv3p#-1_8592.833333333332|nta#T_68.56666666666666
hsa-let-7f-5p	hsa-let-7f-1	55897.40000000001	558.0	16434.678961985617	39533.301460041934	5p	mlv3p_2.0|NucVar_2613.3|canonical_37136.0|nta#G_20.833333333333332|nta#C_36.7|nta#A_4380.099999999999|mv_182.33333333333334|lv5p_1599.5333333333333|lv5p#2_45.0|nta#C#1_36.7|lv5p#1_1.5|nta#T#3_22.73333333333333|nta#T#2_6.833333333333333|lv5pT_1553.0333333333333|nta#T#1_37.0|mlv5p_77.0|lv5p#-3_147.36666666666665|lv5p#-2_274.0666666666666|lv5p#-1_1131.6|lv3p#2_1.0|lv3p#1_346.0|lv5pE_46.5|nta#A#3_32.0|nta#A#2_325.5|nta#A#1_4022.6000000000004|lv3pT_9436.033333333333|mlv5p#1_77.0|total_55897.40000000001|nta#AU_1.0|lv3pE_347.0|mlv3p#2_2.0|nta#G#2_0.5|nta#G#1_20.333333333333332|lv3p_9783.033333333333|lv3p#-3_56.766666666666666|lv3p#-2_786.4333333333334|lv3p#-1_8592.833333333332|nta#T_66.56666666666666
hsa-miR-30d-5p	hsa-mir-30d	52609.5	743.0	15467.98675520833	37207.94210754124	5p	mlv3p_86.5|NucVar_541.5|canonical_7346.0|nta#G_96.5|nta#C_76.5|nta#A_4535.0|mv_1488.0|lv5p_287.0|nta#C#3_1.0|nta#C#2_21.5|nta#C#1_54.0|lv5p#1_15.0|nta#T#3_1.0|nta#T#2_23.0|lv5pT_272.0|nta#T#1_2711.0|nta#UA_2.0|lv5p#-2_5.0|lv5p#-1_267.0|lv3p#3_1.0|lv3p#2_18047.0|lv3p#1_12854.5|lv5pE_15.0|nta#A#4_1.0|nta#A#3_1.0|nta#A#2_111.5|nta#A#1_4421.5|lv3pT_4515.0|total_52609.5|nta#AU_17.5|lv3pE_30902.5|mlv3p#2_86.5|nta#G#2_17.0|nta#G#1_79.5|lv3p_35417.5|lv3p#-3_227.0|lv3p#-2_189.0|lv3p#-1_4099.0|nta#T_2735.0
hsa-let-7c-5p	hsa-let-7c	27329.566666666666	464.0	8035.304939708285	19328.770171880024	5p	lv5p#-2_20.833333333333332|nta#A#1_2823.1|lv5p_457.16666666666663|lv5p#-1_144.33333333333334|canonical_15553.0|lv3pE_2944.5|nta#C#1_53.2|nta#AU_1.7999999999999998|lv5pE_183.0|nta#G_225.0|nta#C_53.2|nta#G#1_225.0|lv3p_5858.583333333333|nta#A_3492.383333333333|nta#UA_3.5|lv3p#2_242.5|nta#T#4_4.7|lv3p#1_2702.0|nta#T#3_16.0|nta#T#2_71.33333333333333|NucVar_980.1999999999999|nta#T#1_486.0|mv_132.0|lv3p#-3_14.333333333333334|lv3pT_2914.0833333333335|lv5p#1_183.0|lv3p#-2_366.5|lv3p#-1_2533.25|lv5pT_274.1666666666667|nta#T_578.0333333333334|nta#A#3_28.0|lv5p#-3_109.0|total_27329.566666666666|nta#A#2_641.2833333333334
hsa-miR-26a-5p	hsa-mir-26a-2	26889.499999999996	544.0	7905.918700124014	19017.53408226138	5p	mlv3p_218.0|NucVar_1413.4999999999998|canonical_18728.0|nta#G_32.0|nta#C_79.5|nta#A_1698.6666666666667|mv_14.5|lv5p_1038.0|nta#C#2_3.5|nta#C#1_76.0|lv5p#1_82.0|nta#T#3_0.5|nta#T#2_164.33333333333334|lv5pT_956.0|nta#T#1_1916.8333333333333|nta#UA_7.166666666666667|mlv5p_89.5|lv5p#-3_70.5|lv5p#-2_147.5|lv5p#-1_738.0|lv3p#2_1.5|lv3p#1_82.5|lv5pE_82.0|nta#A#4_0.5|nta#A#3_2.0|nta#A#2_154.0|nta#A#1_1542.1666666666667|lv3pT_1412.1666666666667|mlv5p#1_89.5|total_26889.499999999996|nta#AU_5.0|lv3pE_84.0|mlv3p#3_20.0|mlv3p#2_198.0|nta#G#2_1.0|nta#G#1_31.0|lv3p_1496.1666666666667|lv3p#-2_104.66666666666667|lv3p#-1_1307.5|nta#T_2081.6666666666665
hsa-miR-26a-5p	hsa-mir-26a-1	26732.499999999996	533.0	7859.758331358531	18906.49621056741	5p	mlv3p_198.0|NucVar_1413.4999999999998|canonical_18728.0|nta#G_32.0|nta#C_79.5|nta#A_1697.6666666666667|mv_14.5|lv5p_997.0|nta#C#2_3.5|nta#C#1_76.0|lv5p#1_41.0|nta#T#3_0.5|nta#T#2_163.33333333333334|lv5pT_956.0|nta#T#1_1822.8333333333333|nta#UA_7.166666666666666|mlv5p_89.5|lv5p#-3_70.5|lv5p#-2_147.5|lv5p#-1_738.0|lv3p#2_1.5|lv3p#1_82.5|lv5pE_41.0|nta#A#4_0.5|nta#A#3_2.0|nta#A#2_154.0|nta#A#1_1541.1666666666667|lv3pT_1412.1666666666667|mlv5p#1_89.5|total_26732.499999999996|nta#AU_5.0|lv3pE_84.0|mlv3p#2_198.0|nta#G#2_1.0|nta#G#1_31.0|lv3p_1496.1666666666667|lv3p#-2_104.66666666666667|lv3p#-1_1307.5|nta#T_1986.6666666666665
hsa-miR-125a-5p	hsa-mir-125a	26160.0	410.0	7691.43469366274	18501.59696505914	5p	lv5p_92.0|nta#A#1_714.0|lv5p#-1_92.0|canonical_948.0|nta#C#1_36.0|nta#AU_1.0|nta#G_33.0|nta#C_36.0|nta#G#2_3.0|nta#G#1_30.0|lv3p_22550.0|nta#A_785.0|nta#UA_6.0|nta#T#2_9.0|NucVar_76.0|nta#T#1_397.0|mv_1234.0|lv3p#-5_34.0|lv3p#-4_287.0|lv3p#-3_886.0|lv3pT_22550.0|lv3p#-2_18618.0|lv3p#-1_2725.0|lv5pT_92.0|nta#T_406.0|nta#A#4_23.0|total_26160.0|nta#A#2_48.0
hsa-let-7g-5p	hsa-let-7g	21077.166666666668	363.0	6197.005005508863	14906.775337616426	5p	lv5p#-2_159.33333333333334|lv5p_890.6666666666666|nta#A#1_2505.6666666666665|lv5p#-1_566.6666666666666|canonical_12080.0|lv3pE_1033.0|nta#C#2_1.0|nta#C#1_59.0|mlv5p#3_34.0|nta#G_329.25|mlv5p#2_69.0|mlv5p#1_51.0|mlv5p_154.0|nta#C_60.0|nta#G#1_329.25|lv3p_3910.333333333333|nta#A_2698.083333333333|nta#UA_1.0|nta#T#4_0.25|lv3p#1_1033.0|nta#T#3_8.333333333333332|nta#T#2_1.0|NucVar_800.5|nta#T#1_44.5|mv_100.25|lv3p#-3_124.66666666666667|lv3pT_2877.333333333333|lv3p#-2_454.8333333333333|lv3p#-1_2297.833333333333|lv5pT_890.6666666666666|nta#T_54.083333333333336|nta#A#3_4.0|lv5p#-3_164.66666666666666|nta#A#2_188.41666666666666|total_21077.166666666668
hsa-miR-30a-3p	hsa-mir-30a	20656.5	481.0	6073.32265862555	14609.259851251687	3p	lv5p#-2_239.0|lv5p_850.5|nta#A#1_2438.0|lv5p#-1_611.5|canonical_5745.0|nta#C#3_1.0|lv3pE_470.0|nta#C#2_8.0|nta#C#1_87.5|nta#AU_5.0|nta#G_226.5|mlv5p#1_41.0|mlv5p_41.0|nta#C_96.5|nta#G#2_12.0|nta#G#1_214.5|lv3p_4389.5|nta#A_2719.0|nta#UA_5.0|lv3p#1_470.0|nta#T#3_21.5|NucVar_426.5|nta#T#2_346.5|nta#T#1_4570.5|mv_1223.5|lv3p#-3_104.0|lv3pT_3919.5|lv3p#-2_433.5|lv3p#-1_3382.0|lv5pT_850.5|nta#T_4938.5|nta#A#3_1.0|total_20656.5|nta#A#2_280.0
hsa-let-7e-5p	hsa-let-7e	20215.25	436.0	5943.588501187527	14297.186851984396	5p	mlv3p_64.0|NucVar_686.25|canonical_8611.0|nta#G_5.5|nta#C_78.25|nta#A_3447.75|mv_167.75|lv5p_362.75|nta#T#4_3.0|nta#C#1_78.25|lv5p#1_0.25|nta#T#3_8.75|nta#T#2_206.25|lv5pT_362.5|nta#T#1_2668.0|nta#UA_22.0|mlv5p_15.0|lv5p#-3_0.25|lv5p#-2_1.0|lv5p#-1_361.25|lv3p#2_154.0|lv3p#1_572.0|lv5pE_0.25|nta#A#3_122.0|nta#A#2_559.75|nta#A#1_2766.0|lv3pT_3165.0|mlv5p#1_15.0|total_20215.25|nta#AU_1.0|lv3pE_726.0|mlv3p#2_64.0|nta#G#1_5.5|lv3p_3891.0|lv3p#-3_55.5|lv3p#-2_542.25|lv3p#-1_2567.25|nta#T_2886.0
hsa-miR-21-5p	hsa-mir-21	16849.0	350.0	4953.860212290654	11916.414650775285	5p	lv5p_101.0|nta#A#1_2027.0|lv5p#-1_89.0|canonical_6867.0|lv3pE_4194.0|nta#C#2_40.0|nta#C#1_91.0|nta#AU_6.0|nta#G_19.0|mlv5p#1_139.0|mlv5p_139.0|nta#C_131.0|nta#G#1_19.0|lv3p_6727.0|nta#A_2114.0|nta#UA_1.0|lv3p#2_332.0|lv3p#1_3862.0|NucVar_560.0|nta#T#1_10.0|mv_179.0|mlv3p_2.0|lv3p#-3_76.0|lv3pT_2533.0|lv3p#-2_75.0|lv3p#-1_2382.0|lv5pT_101.0|mlv3p#2_2.0|nta#T_10.0|nta#A#3_78.0|lv5p#-3_12.0|nta#A#2_9.0|total_16849.0
hsa-miR-204-5p	hsa-mir-204	16393.0	461.0	4819.789332309377	11593.909749549483	5p	mlv3p_3.0|NucVar_581.0|canonical_6741.0|nta#G_31.0|nta#C_84.0|nta#A_545.0|mv_60.0|lv5p_551.5|nta#C#3_1.0|nta#C#1_83.0|nta#T#3_77.0|nta#T#2_150.0|lv5pT_551.5|nta#T#1_2827.0|nta#UA_40.0|mlv5p_63.0|lv5p#-2_270.5|lv5p#-1_281.0|lv3p#2_820.0|lv3p#1_3092.0|nta#A#2_4.0|nta#A#1_541.0|lv3pT_767.5|mlv5p#1_63.0|total_16393.0|lv3pE_3912.0|mlv3p#3_1.0|mlv3p#2_2.0|nta#G#3_1.0|nta#G#2_5.0|nta#G#1_25.0|lv3p_4679.5|lv3p#-3_56.0|lv3p#-2_242.0|lv3p#-1_469.5|nta#T_3054.0
hsa-miR-26b-5p	hsa-mir-26b	13274.000000000002	234.0	3902.756273840949	9388.004515068618	5p	lv5p_67.0|nta#A#1_1196.6666666666667|lv5p#-1_67.0|canonical_1367.0|lv3pE_8882.000000000002|nta#C#1_3.0|nta#AU_2.0|nta#G_101.0|mlv5p#1_23.0|mlv5p_23.0|nta#C_3.0|nta#G#1_101.0|lv3p_8942.666666666668|nta#A_1520.6666666666667|nta#UA_9.666666666666668|lv3p#2_110.0|nta#T#4_1.0|lv3p#1_8772.000000000002|nta#T#3_11.0|nta#T#2_1.3333333333333333|NucVar_79.0|nta#T#1_816.3333333333334|mv_341.0|lv3pT_60.666666666666664|lv3p#-1_60.666666666666664|lv5pT_67.0|nta#T_829.6666666666667|nta#A#3_2.0|total_13274.000000000002|nta#A#2_322.0
hsa-miR-99b-5p	hsa-mir-99b	13131.0	247.0	3860.71211630296	9286.86810964035	5p	lv5p#-2_96.0|nta#A#1_1489.0|lv5p_292.0|lv5p#-1_142.0|canonical_8696.0|nta#C#3_1.0|lv3pE_4.0|nta#C#2_2.0|nta#C#1_30.0|nta#AU_2.0|lv5pE_3.0|nta#G_12.0|mlv5p#1_61.0|mlv5p_61.0|nta#C_33.0|nta#G#2_12.0|lv3p_1275.0|nta#A_1514.0|nta#UA_3.0|lv3p#1_4.0|NucVar_802.0|nta#T#2_63.0|nta#T#1_362.0|mv_21.0|lv3pT_1271.0|lv5p#1_3.0|lv3p#-2_87.0|lv3p#-1_1184.0|lv5pT_289.0|nta#T_425.0|nta#A#3_24.0|lv5p#-3_51.0|nta#A#2_1.0|total_13131.0
hsa-miR-30c-5p	hsa-mir-30c-1	11896.0	430.0	3497.603483020335	8413.417335487138	5p	lv5p#-2_46.5|lv5p_135.0|nta#A#1_407.0|lv5p#-1_65.0|canonical_2037.0|lv3pE_7773.0|nta#C#2_3.0|nta#C#1_23.0|nta#AU_3.0|nta#G_13.5|nta#C_26.0|nta#G#1_13.5|lv3p_8365.0|nta#A_432.0|nta#UA_2.5|lv3p#1_7773.0|nta#T#2_31.5|NucVar_129.5|nta#T#1_207.0|mv_519.5|lv3p#-3_33.5|lv3pT_592.0|lv3p#-2_349.5|lv3p#-1_209.0|lv5pT_135.0|nta#T_238.5|lv5p#-4_23.5|nta#A#3_0.5|total_11896.0|nta#A#2_24.5
hsa-miR-30c-5p	hsa-mir-30c-2	11896.0	430.0	3497.603483020335	8413.417335487138	5p	lv5p#-2_46.5|nta#A#1_407.0|lv5p_136.0|lv5p#-1_65.0|canonical_2037.0|lv3pE_7773.0|nta#C#2_3.0|nta#C#1_23.0|nta#AU_3.0|lv5pE_1.0|nta#G_13.5|nta#C_26.0|nta#G#1_13.5|lv3p_8365.0|nta#A_432.0|nta#UA_2.5|lv3p#1_7773.0|nta#T#2_31.5|NucVar_129.5|nta#T#1_207.0|mv_518.5|lv3p#-3_33.5|lv3pT_592.0|lv5p#1_1.0|lv3p#-2_349.5|lv3p#-1_209.0|lv5pT_135.0|nta#T_238.5|lv5p#-4_23.5|nta#A#3_0.5|nta#A#2_24.5|total_11896.0
hsa-miR-375-3p	hsa-mir-375	9700.0	239.0	2851.946350478921	6860.301626952357	3p	lv5p#-2_4.0|nta#A#1_398.0|lv5p_545.0|lv5p#-1_371.0|canonical_6321.0|lv3pE_1.0|nta#C#2_1.0|nta#C#1_55.0|lv5pE_170.0|nta#G_15.0|mlv5p#1_141.0|mlv5p_141.0|nta#C_56.0|nta#G#1_15.0|lv3p_718.0|nta#A_400.0|nta#UA_6.0|lv3p#1_1.0|nta#T#2_30.0|NucVar_482.0|nta#T#1_900.0|mv_92.0|lv3p#-3_40.0|lv3pT_717.0|lv5p#1_170.0|lv3p#-2_70.0|lv3p#-1_607.0|lv5pT_375.0|nta#T_930.0|nta#A#2_2.0|total_9700.0
hsa-miR-200c-3p	hsa-mir-200c	9590.5	308.0	2819.751698378154	6782.85801580274	3p	lv5p#-2_110.0|nta#A#1_1070.0|lv5p_488.0|lv5p#-1_225.0|canonical_3669.0|lv3pE_1.0|nta#C#1_47.0|nta#AU_1.0|lv5pE_123.0|nta#G_7.0|nta#G#3_3.0|nta#C_47.0|nta#G#1_4.0|lv3p_2657.5|nta#A_1485.0|nta#UA_39.0|lv3p#1_1.0|NucVar_264.0|nta#T#1_743.0|mv_230.0|lv3p#-3_17.0|lv3pT_2656.5|lv5p#1_123.0|lv3p#-2_189.5|lv3p#-1_2450.0|lv5pT_365.0|nta#T_743.0|lv5p#-3_30.0|total_9590.5|nta#A#2_415.0
hsa-miR-27b-3p	hsa-mir-27b	9415.5	282.0	2768.299058034462	6659.089687481434	3p	nta#A#1_879.0|lv5p_423.0|lv5p#-1_46.0|canonical_2082.0|lv3pE_926.0|nta#C#2_3.0|nta#C#1_8.0|lv5pE_377.0|nta#G_32.0|mlv5p#1_1.0|mlv5p_1.0|nta#C_11.0|nta#G#1_32.0|lv3p_4483.0|nta#A_1015.0|nta#UA_2.5|lv3p#2_1.0|lv3p#1_925.0|NucVar_166.0|nta#T#1_844.5|mv_358.0|lv3pT_3557.0|lv5p#1_377.0|lv3p#-2_1919.0|lv3p#-1_1638.0|lv5pT_46.0|nta#T_844.5|nta#A#3_2.0|nta#A#2_134.0|total_9415.5
hsa-miR-200b-3p	hsa-mir-200b	9156.5	337.0	2692.149150325798	6475.912561565903	3p	nta#A#1_1253.0|canonical_1852.0|lv3pE_2840.0|nta#C#2_41.0|nta#C#1_13.0|nta#G_11.0|nta#C_54.0|nta#G#1_11.0|lv3p_3109.5|nta#A_1382.0|nta#UA_5.0|lv3p#2_23.0|lv3p#1_2817.0|nta#T#3_37.0|NucVar_135.0|nta#T#1_2381.0|mv_194.0|mlv3p_1.0|lv3p#-3_28.0|lv3pT_269.5|lv3p#-2_64.0|lv3p#-1_177.5|mlv3p#2_1.0|nta#T_2418.0|nta#A#4_50.0|nta#A#3_3.0|total_9156.5|nta#A#2_76.0
hsa-miR-98-5p	hsa-mir-98	8950.650000000001	212.0	2631.626144527233	6330.325645080528	5p	lv5p#-2_1.0|lv5p_187.0|nta#A#1_596.8499999999999|lv5p#-1_186.0|canonical_5694.0|lv3pE_87.0|nta#C#1_4.2|nta#G_1.0|nta#C_4.2|nta#G#1_1.0|lv3p_1583.0|nta#A_687.3000000000001|nta#UA_1.0|lv3p#2_1.0|nta#T#4_1.0|lv3p#1_86.0|nta#T#3_4.2|nta#T#2_1.0|NucVar_394.95|nta#T#1_358.0|mlv3p_1.0|mv_34.0|lv3p#-3_27.0|lv3pT_1496.0|lv3p#-2_36.0|lv3p#-1_1433.0|lv5pT_187.0|mlv3p#2_1.0|nta#T_364.2|total_8950.650000000001|nta#A#2_90.45
hsa-miR-423-5p	hsa-mir-423	8463.0	206.0	2488.2496870209393	5985.43635761833	5p	lv5p#-2_76.0|lv5p_199.0|nta#A#1_590.0|lv5p#-1_63.0|canonical_5481.0|lv3pE_500.0|nta#C#1_9.0|nta#G_96.0|nta#C_9.0|nta#G#1_96.0|lv3p_1365.0|nta#A_897.0|lv3p#1_500.0|nta#T#2_21.0|NucVar_368.0|mv_23.0|mlv3p_4.0|lv3p#-4_36.0|lv3p#-3_21.0|lv3pT_865.0|lv3p#-2_307.0|lv3p#-1_501.0|lv5pT_199.0|mlv3p#2_4.0|nta#T_21.0|nta#A#4_61.0|nta#A#3_1.0|lv5p#-3_60.0|total_8463.0|nta#A#2_245.0
hsa-miR-92a-3p	hsa-mir-92a-1	8111.833333333333	377.0	2385.001388731264	5737.07457878691	3p	lv5p#-2_38.0|lv5p_186.0|nta#A#1_976.5|lv5p#-1_133.0|canonical_4460.0|lv3pE_667.0|nta#C#1_22.0|nta#G_10.0|mlv5p#1_11.0|mlv5p_11.0|nta#C_22.0|nta#G#2_0.5|nta#G#1_9.5|lv3p_738.0|nta#A_1476.3333333333333|nta#UA_43.5|lv3p#1_667.0|nta#T#3_1.0|NucVar_319.5|nta#T#2_33.5|nta#T#1_714.5|mv_67.0|mlv3p_73.0|lv3p#-3_22.0|lv3pT_71.0|lv3p#-1_49.0|lv5pT_186.0|mlv3p#3_16.5|mlv3p#2_56.5|nta#T_749.0|nta#A#4_28.0|nta#A#3_31.333333333333332|lv5p#-3_15.0|total_8111.833333333333|nta#A#2_440.5
hsa-miR-320a-3p	hsa-mir-320a	7557.258333333331	281.0	2221.947971482104	5344.852746336692	3p	lv5p_2.0|lv5p#-1_2.0|canonical_2183.0|lv3pE_2216.833333333334|nta#C#1_45.125|nta#G_84.0|nta#C_45.125|nta#G#1_84.0|lv3p_2641.6333333333337|nta#UA_8.0|lv3p#3_47.0|lv3p#2_759.5|lv3p#1_1410.333333333333|nta#T#3_44.333333333333336|NucVar_112.0|nta#T#2_545.0|nta#T#1_1400.6666666666665|mv_130.0|mlv3p_369.5|lv3p#-3_4.8|lv3pT_424.8|lv3p#-2_15.0|lv3p#-1_405.0|lv5pT_2.0|mlv3p#3_60.5|mlv3p#2_309.0|nta#T_1989.9999999999998|total_7557.258333333331
hsa-miR-92a-3p	hsa-mir-92a-2	7133.833333333333	316.0	2097.454632981946	5045.386435368415	3p	lv5p#-2_38.0|lv5p_186.0|nta#A#1_887.5|lv5p#-1_133.0|canonical_4460.0|lv3pE_65.0|nta#C#1_22.0|nta#G_9.0|mlv5p#1_11.0|mlv5p_11.0|nta#C_22.0|nta#G#2_0.5|nta#G#1_8.5|lv3p_136.0|nta#A_1367.3333333333333|nta#UA_42.5|lv3p#1_65.0|NucVar_319.5|nta#T#2_33.5|nta#T#1_516.5|mlv3p_73.0|lv3p#-3_22.0|lv3pT_71.0|lv3p#-1_49.0|lv5pT_186.0|mlv3p#3_16.5|mlv3p#2_56.5|nta#T_550.0|nta#A#4_28.0|nta#A#3_31.333333333333332|lv5p#-3_15.0|total_7133.833333333333|nta#A#2_420.5
hsa-miR-203a-3p	hsa-mir-203a	6693.0	206.0	1967.8429818304555	4733.608122597127	3p	lv5p#-2_59.0|nta#A#1_160.0|lv5p_1814.0|lv5p#-1_1748.0|canonical_758.0|lv3pE_118.0|nta#C#1_6.0|nta#G_8.0|nta#C_6.0|nta#G#2_1.0|nta#A_237.0|nta#G#1_7.0|lv3p_118.0|nta#UA_2.0|lv3p#1_118.0|nta#T#2_75.0|NucVar_62.0|nta#T#1_3000.0|mv_615.0|lv5pT_1814.0|nta#T_3075.0|lv5p#-3_7.0|nta#A#2_77.0|total_6693.0
hsa-let-7i-5p	hsa-let-7i	6586.0	155.0	1936.383367448884	4657.932630423528	5p	lv5p_297.5|nta#A#1_730.5|lv5p#-1_168.5|canonical_4680.0|nta#C#1_2.0|nta#G_3.0|nta#C_2.0|nta#G#1_3.0|lv3p_109.0|nta#A_758.5|nta#UA_1.0|nta#T#3_3.0|NucVar_301.0|nta#T#1_432.0|lv3p#-3_0.5|lv3pT_109.0|lv3p#-1_108.5|lv5pT_297.5|nta#T_435.0|lv5p#-3_129.0|total_6586.0|nta#A#2_28.0
hsa-miR-30e-5p	hsa-mir-30e	6149.5	267.0	1808.0457816773326	4349.219057210672	5p	lv5p#-2_1.0|lv5p_1.5|nta#A#1_676.5|lv5p#-1_0.5|canonical_435.0|lv3pE_3924.0|nta#C#2_1.5|nta#C#1_8.0|nta#AU_4.0|nta#G_8.0|nta#C_9.5|nta#G#1_8.0|lv3p_4361.0|nta#A_682.0|lv3p#3_0.5|lv3p#2_3129.5|lv3p#1_794.0|NucVar_76.5|nta#T#1_15.5|mv_544.5|mlv3p_16.0|lv3p#-3_0.5|lv3pT_437.0|lv3p#-2_60.5|lv3p#-1_376.0|lv5pT_1.5|mlv3p#2_16.0|nta#T_15.5|nta#A#2_5.5|total_6149.5
hsa-miR-182-5p	hsa-mir-182	5615.0	236.0	1650.8947173133135	3971.195220137885	5p	lv5p_98.0|nta#A#1_15.0|lv5p#-1_98.0|canonical_1727.0|lv3pE_503.0|nta#C#2_6.0|nta#C#1_57.0|nta#G_5.0|mlv5p#1_62.0|mlv5p_62.0|nta#C_63.0|nta#G#1_5.0|nta#A_17.0|lv3p_3237.0|lv3p#1_503.0|nta#T#2_1.0|NucVar_174.0|nta#T#1_93.0|mv_138.0|lv3p#-4_258.0|lv3p#-3_351.0|lv3pT_2734.0|lv3p#-2_1349.0|lv3p#-1_776.0|lv5pT_98.0|nta#T_94.0|nta#A#2_2.0|total_5615.0
hsa-miR-23b-3p	hsa-mir-23b	4957.5	197.0	1457.5797971648713	3506.17992944498	3p	nta#A#1_66.0|canonical_158.0|nta#C#3_1.0|nta#C#2_1.0|nta#C#1_19.0|nta#G_3.0|nta#C_21.0|nta#G#1_3.0|lv3p_2329.5|nta#A_77.0|nta#UA_22.0|NucVar_22.0|nta#T#2_80.0|nta#T#1_2180.0|mv_87.0|lv3p#-4_58.0|lv3p#-3_1.0|lv3pT_2329.5|lv3p#-2_1130.0|lv3p#-1_1140.5|nta#T_2260.0|total_4957.5|nta#A#2_11.0
hsa-miR-191-5p	hsa-mir-191	4419.0	157.0	1299.2526724501395	3125.3271020105635	5p	lv5p_55.0|nta#A#1_206.0|lv5p#-1_55.0|canonical_564.0|lv3pE_21.0|nta#C#2_1.0|nta#C#1_1.0|nta#AU_1.0|nta#G_5.0|nta#C_2.0|nta#G#1_5.0|lv3p_3120.0|nta#A_209.0|nta#UA_1.0|lv3p#1_21.0|NucVar_65.0|nta#T#1_154.0|mv_245.0|lv3p#-3_68.0|lv3pT_3099.0|lv3p#-2_309.0|lv3p#-1_2722.0|lv5pT_55.0|nta#T_154.0|nta#A#2_3.0|total_4419.0
hsa-let-7d-5p	hsa-let-7d	4328.833333333333	160.0	1272.7423120444848	3061.5569442754904	5p	lv5p#-2_69.5|nta#A#1_226.08333333333334|lv5p_71.75|lv5p#-1_1.5|canonical_2500.0|lv3pE_139.5|nta#C#1_0.5|nta#AU_1.0|lv5pE_0.5|nta#G_0.25|nta#C_0.5|nta#G#1_0.25|lv3p_1175.75|nta#A_231.08333333333334|nta#T#4_1.0|lv3p#1_139.5|nta#T#3_1.0|NucVar_232.5|mv_115.0|lv3p#-3_0.25|lv3pT_1036.25|lv5p#1_0.5|lv3p#-2_121.25|lv3p#-1_914.75|lv5pT_71.25|nta#T_2.0|lv5p#-3_0.25|total_4328.833333333333|nta#A#2_5.0
hsa-miR-151a-3p	hsa-mir-151a	4274.0	211.0	1256.6204847367947	3022.776201401482	3p	nta#A#1_1344.0|lv5p_293.0|canonical_344.0|lv3pE_888.0|nta#C#1_12.0|nta#AU_3.0|lv5pE_293.0|nta#C_12.0|lv3p_934.0|nta#A_1843.0|lv3p#3_1.0|lv3p#2_5.0|lv3p#1_882.0|nta#T#3_1.0|nta#T#2_1.0|NucVar_22.0|nta#T#1_624.0|mlv3p_1.0|mv_199.0|lv5p#2_293.0|lv3pT_46.0|lv3p#-2_46.0|mlv3p#3_1.0|nta#T_626.0|nta#A#4_77.0|nta#A#3_197.0|total_4274.0|nta#A#2_225.0
hsa-miR-148a-3p	hsa-mir-148a	3682.5	168.0	1082.7105603751163	2604.4392516754697	3p	lv5p#-2_118.0|lv5p_131.0|nta#A#1_245.0|lv5p#-1_13.0|canonical_2021.0|lv3pE_329.0|nta#C#1_3.0|nta#G_94.0|nta#C_3.0|nta#G#1_94.0|lv3p_632.0|nta#A_247.0|nta#UA_5.0|lv3p#1_329.0|nta#T#2_2.0|NucVar_135.0|nta#T#1_417.5|lv3pT_303.0|lv3p#-2_170.0|lv3p#-1_133.0|lv5pT_131.0|nta#T_419.5|nta#A#2_2.0|total_3682.5
hsa-miR-99a-5p	hsa-mir-99a	3214.5	161.0	945.1114993417002	2273.4473793647785	5p	lv5p#-2_88.0|nta#A#1_482.0|lv5p_329.0|lv5p#-1_217.0|canonical_1411.0|lv3pE_1.0|nta#C#1_6.0|lv5pE_24.0|nta#G_3.0|mlv5p#1_1.0|mlv5p_1.0|nta#C_6.0|nta#G#2_2.0|nta#G#1_1.0|lv3p_608.0|nta#A_485.0|lv3p#1_1.0|nta#T#3_1.0|nta#T#2_1.0|NucVar_162.0|nta#T#1_94.5|mv_113.0|lv3pT_607.0|lv5p#1_24.0|lv3p#-2_73.0|lv3p#-1_534.0|lv5pT_305.0|nta#T_96.5|nta#A#2_3.0|total_3214.5
hsa-miR-423-3p	hsa-mir-423	3095.0	151.0	909.9766963641506	2188.931292311087	3p	nta#A#1_450.0|lv5p_185.0|canonical_1555.0|nta#C#1_5.0|lv5pE_185.0|nta#G_56.0|nta#C_5.0|nta#G#1_56.0|lv3p_52.0|nta#A_571.0|nta#UA_2.0|NucVar_120.0|nta#T#2_52.0|nta#T#1_466.0|mv_33.0|lv3pT_52.0|lv5p#1_185.0|lv3p#-2_52.0|nta#T_518.0|nta#A#3_2.0|total_3095.0|nta#A#2_119.0
hsa-miR-22-3p	hsa-mir-22	2991.0	104.0	879.3991272456137	2115.3775429087113	3p	lv5p_73.0|nta#A#1_105.0|lv5p#-1_73.0|canonical_2056.0|nta#C#1_7.0|nta#G_3.0|nta#C_7.0|nta#G#1_3.0|lv3p_486.0|nta#A_146.0|nta#T#2_1.0|NucVar_135.0|mv_84.0|lv3p#-3_94.0|lv3pT_486.0|lv3p#-2_234.0|lv3p#-1_158.0|lv5pT_73.0|nta#T_1.0|total_2991.0|nta#A#2_41.0
hsa-miR-30b-5p	hsa-mir-30b	2985.0	85.0	877.6350367195442	2111.1340573662665	5p	lv5p#-2_19.0|lv5p_19.0|nta#A#1_29.0|canonical_2134.0|lv3pE_1.0|nta#C#2_1.0|nta#C#1_95.0|nta#G_3.0|nta#C_96.0|nta#G#1_3.0|lv3p_131.0|nta#A_29.0|lv3p#2_1.0|nta#T#2_1.0|NucVar_329.0|nta#T#1_4.0|mv_193.0|mlv3p_46.0|lv3pT_130.0|lv3p#-1_130.0|lv5pT_19.0|mlv3p#2_46.0|nta#T_5.0|total_2985.0
hsa-miR-100-5p	hsa-mir-100	2780.5	109.0	817.5089512893444	1966.5019251279411	5p	lv5p_1.0|nta#A#1_442.0|lv5p#-1_1.0|canonical_1195.0|lv3pE_2.0|nta#C#1_1.0|nta#AU_1.0|nta#G_4.0|nta#C_1.0|nta#G#2_3.0|nta#G#1_1.0|lv3p_627.0|nta#A_442.0|nta#UA_6.0|lv3p#1_2.0|nta#T#2_1.0|NucVar_131.0|nta#T#1_378.5|lv3pT_625.0|lv3p#-2_27.0|lv3p#-1_598.0|lv5pT_1.0|nta#T_379.5|total_2780.5
hsa-miR-200a-3p	hsa-mir-200a	2758.5	111.0	811.0406193604231	1950.9424781389769	3p	lv5p_102.5|nta#A#1_76.0|lv5p#-1_72.0|canonical_1536.0|lv3pE_496.0|nta#C#1_1.0|nta#G_4.0|nta#C_1.0|nta#G#1_4.0|lv3p_783.0|nta#A_182.0|lv3p#1_496.0|NucVar_109.0|nta#T#2_3.0|nta#T#1_35.0|mv_3.0|lv3pT_287.0|lv3p#-2_16.0|lv3p#-1_271.0|lv5pT_102.5|nta#T_38.0|lv5p#-3_30.5|total_2758.5|nta#A#2_106.0
hsa-miR-183-5p	hsa-mir-183	2413.0	93.0	709.4584065675914	1706.5884356531997	5p	nta#A#1_10.0|lv5p_343.0|lv5p#-1_343.0|canonical_1139.0|lv3pE_332.0|nta#C#1_2.0|nta#C_2.0|lv3p_533.0|nta#A_10.0|lv3p#1_332.0|NucVar_82.0|nta#T#2_1.0|nta#T#1_1.0|mv_302.0|lv3pT_201.0|lv3p#-2_154.0|lv3p#-1_47.0|lv5pT_343.0|nta#T_2.0|total_2413.0
hsa-miR-30e-3p	hsa-mir-30e	2172.5	135.0	638.7477779809749	1536.4953901602057	3p	lv5p_1.5|nta#A#1_54.0|lv5p#-1_1.5|canonical_530.0|nta#C#2_2.0|nta#C#1_3.5|nta#C_5.5|lv3p_554.5|nta#A_61.0|NucVar_41.5|nta#T#2_160.0|nta#T#1_731.0|mv_87.5|lv3pT_554.5|lv3p#-2_245.5|lv3p#-1_309.0|lv5pT_1.5|nta#T_891.0|total_2172.5|nta#A#2_7.0
hsa-miR-192-5p	hsa-mir-192	1985.5	129.0	583.7669565851442	1404.240090754011	5p	nta#A#1_558.0|lv5p_88.0|lv5p#-1_88.0|lv3pE_107.0|nta#C#1_5.0|nta#G_1.0|nta#C_5.0|nta#G#1_1.0|lv3p_122.0|nta#A_562.0|lv3p#3_1.0|lv3p#1_106.0|nta#T#2_47.0|nta#T#1_139.0|mv_1021.5|lv3pT_15.0|lv3p#-1_15.0|lv5pT_88.0|nta#T_186.0|nta#A#3_1.0|nta#A#2_3.0|total_1985.5
hsa-miR-23a-3p	hsa-mir-23a	1952.0	92.0	573.9174511479231	1380.547296475361	3p	lv5p_1.0|nta#A#1_56.0|lv5p#-1_1.0|canonical_603.0|nta#C#3_1.0|lv3pE_828.5|nta#C#1_2.0|nta#G_1.0|nta#C_3.0|nta#G#1_1.0|lv3p_1070.5|nta#A_59.0|nta#UA_2.0|lv3p#2_207.0|lv3p#1_621.5|nta#T#2_1.0|NucVar_45.5|nta#T#1_168.0|lv3pT_242.0|lv3p#-1_242.0|lv5pT_1.0|nta#T_169.0|nta#A#3_1.0|total_1952.0|nta#A#2_2.0
hsa-miR-24-3p	hsa-mir-24-2	1747.0	138.0	513.644358173884	1235.5615404418318	3p	lv5p#-2_9.0|lv5p_77.5|nta#A#1_111.0|lv5p#-1_68.5|canonical_650.5|nta#C#2_0.5|nta#C#1_5.5|nta#AU_0.5|nta#G_6.0|nta#C_6.0|nta#G#1_6.0|lv3p_309.5|nta#A_125.0|nta#UA_1.0|NucVar_47.5|nta#T#1_512.0|mv_13.0|lv3pT_309.5|lv3p#-2_143.0|lv3p#-1_166.5|lv5pT_77.5|nta#T_512.0|total_1747.0|nta#A#2_14.0
hsa-miR-24-3p	hsa-mir-24-1	1747.0	138.0	513.644358173884	1235.5615404418318	3p	lv5p#-2_9.0|lv5p_77.5|nta#A#1_111.0|lv5p#-1_68.5|canonical_650.5|nta#C#2_0.5|nta#C#1_5.5|nta#AU_0.5|nta#G_6.0|nta#C_6.0|nta#G#1_6.0|lv3p_309.5|nta#A_125.0|nta#UA_1.0|NucVar_47.5|nta#T#1_512.0|mv_13.0|lv3pT_309.5|lv3p#-2_143.0|lv3p#-1_166.5|lv5pT_77.5|nta#T_512.0|total_1747.0|nta#A#2_14.0
hsa-miR-196a-5p	hsa-mir-196a-2	1650.1666666666665	115.0	485.1738971837078	1167.0763987707094	5p	nta#A#1_53.0|canonical_268.5|lv3pE_891.0|nta#C#1_1.0|nta#G_1.5|nta#C_1.0|nta#G#1_1.5|lv3p_1037.5|nta#A_53.0|nta#UA_0.5|lv3p#1_891.0|NucVar_24.166666666666664|nta#T#2_88.0|nta#T#1_176.5|lv3pT_146.5|lv3p#-1_146.5|nta#T_264.5|total_1650.1666666666665
hsa-let-7d-3p	hsa-let-7d	1585.0	77.0	466.0139139700093	1120.9874307958232	3p	nta#A#1_71.0|lv5p_97.0|lv5p#-1_97.0|canonical_976.0|lv3pE_58.0|nta#C#1_60.0|nta#C_60.0|lv3p_187.0|nta#A_72.0|lv3p#1_58.0|NucVar_82.0|nta#T#1_41.0|mv_70.0|lv3pT_129.0|lv3p#-2_43.0|lv3p#-1_86.0|lv5pT_97.0|nta#T_41.0|total_1585.0|nta#A#2_1.0
hsa-miR-125b-5p	hsa-mir-125b-1	1579.0	126.0	464.2498234439399	1116.7439452533786	5p	lv3p#-1_150.0|nta#C#1_5.5|nta#C_5.5|nta#A_72.0|lv3pT_649.5|canonical_731.5|nta#T_31.0|nta#A#1_72.0|total_1579.0|nta#T#1_31.0|lv3p_649.5|nta#G#1_0.5|lv3p#-3_65.5|mv_21.5|nta#G_0.5|NucVar_67.5|lv3p#-2_434.0
hsa-miR-125b-5p	hsa-mir-125b-2	1579.0	126.0	464.2498234439399	1116.7439452533786	5p	lv3p#-1_150.0|nta#C#1_5.5|nta#C_5.5|nta#A_72.0|lv3pT_649.5|canonical_731.5|nta#T_31.0|nta#A#1_72.0|total_1579.0|nta#T#1_31.0|lv3p_649.5|nta#G#1_0.5|lv3p#-3_65.5|mv_21.5|nta#G_0.5|NucVar_67.5|lv3p#-2_434.0
hsa-miR-28-3p	hsa-mir-28	1531.0	39.0	450.13709923538437	1082.7960609138204	3p	nta#C#1_10.0|lv5p_70.0|nta#C_10.0|nta#A_629.0|canonical_680.0|nta#T_120.0|nta#A#2_89.0|nta#A#1_540.0|lv5pT_70.0|total_1531.0|nta#T#1_120.0|lv5p#-1_70.0|mv_1.0|nta#G#1_1.0|nta#G_1.0|NucVar_20.0
hsa-miR-501-3p	hsa-mir-501	1529.0	72.0	449.5490690600279	1081.3815657330056	3p	lv5p#-2_1.0|nta#A#1_26.0|lv5p_63.5|lv5p#-1_62.5|canonical_1030.0|lv3pE_221.0|nta#C#1_63.0|nta#G_5.0|nta#C_63.0|nta#G#2_1.0|nta#G#1_4.0|lv3p_221.0|nta#A_76.0|lv3p#1_221.0|NucVar_68.5|nta#T#1_1.0|mv_1.0|lv5pT_63.5|nta#T_1.0|nta#A#2_50.0|total_1529.0
hsa-miR-151a-5p	hsa-mir-151a	1444.0	43.0	424.5577866073775	1021.2655205483715	5p	lv5p_1.0|lv5p#-1_1.0|canonical_931.0|lv3pE_349.0|nta#C#1_0.5|nta#G_0.5|nta#C_0.5|nta#G#1_0.5|lv3p_418.5|lv3p#1_349.0|NucVar_36.0|nta#T#2_1.0|nta#T#1_2.5|mv_53.0|lv3pT_69.5|lv3p#-2_27.5|lv3p#-1_42.0|lv5pT_1.0|nta#T_3.5|total_1444.0
hsa-miR-222-3p	hsa-mir-222	1397.0	100.0	410.7390774865003	988.0248837992209	3p	nta#A#1_233.0|canonical_194.0|lv3pE_730.0|nta#C#1_23.0|nta#AU_2.0|nta#G_2.0|nta#C_23.0|nta#G#1_2.0|lv3p_730.0|nta#A_234.0|lv3p#4_378.0|nta#UA_2.0|lv3p#3_134.0|lv3p#2_218.0|NucVar_16.0|nta#T#2_75.0|nta#T#1_120.0|mlv3p_3.0|mlv3p#4_2.0|mlv3p#3_1.0|nta#T_195.0|nta#A#2_1.0|total_1397.0
hsa-miR-429	hsa-mir-429	1340.0	57.0	393.98021748884065	947.7117711459957	3p	lv3p#-1_275.0|nta#C#1_1.0|lv5p#1_158.0|nta#C_1.0|lv5p_230.0|nta#A_6.0|lv3pT_275.0|canonical_783.0|lv5pE_158.0|nta#A#1_6.0|lv5pT_72.0|total_1340.0|lv5p#-1_72.0|lv3p_275.0|nta#G#1_1.0|nta#G_1.0|NucVar_44.0
hsa-miR-194-5p	hsa-mir-194-2	1263.5	79.0	371.48806328145537	893.607330479825	5p	lv5p_23.5|nta#A#1_77.0|lv5p#-1_23.5|canonical_333.5|lv3pE_739.0|nta#C#2_0.5|nta#C#1_1.0|nta#AU_1.0|nta#G_3.0|nta#C_1.5|nta#G#1_3.0|lv3p_801.5|nta#A_77.0|nta#UA_0.5|lv3p#1_739.0|NucVar_19.0|nta#T#1_4.5|lv3p#-3_13.0|lv3pT_62.5|lv3p#-1_49.5|lv5pT_23.5|nta#T_4.5|total_1263.5
hsa-miR-146b-5p	hsa-mir-146b	1002.0	61.0	294.6031178535958	708.6620855882744	5p	lv3p#-1_389.0|nta#A_5.0|lv3pT_389.0|canonical_134.0|lv3p#1_458.0|nta#A#1_5.0|total_1002.0|lv3p_847.0|nta#G#2_2.0|nta#G#1_1.0|lv3pE_458.0|nta#G_3.0|NucVar_13.0
hsa-miR-141-3p	hsa-mir-141	938.5	50.0	275.9331597860276	663.7518635974008	3p	nta#A#1_123.0|lv5p_12.0|lv5p#-1_12.0|canonical_92.0|lv3pE_106.0|mlv5p#1_31.0|mlv5p_31.0|lv3p_545.0|nta#A_182.0|lv3p#1_106.0|NucVar_10.0|nta#T#1_66.5|lv3pT_439.0|lv3p#-2_106.0|lv3p#-1_333.0|lv5pT_12.0|nta#T_66.5|total_938.5|nta#A#2_59.0
hsa-miR-29a-3p	hsa-mir-29a	895.0	66.0	263.1435034720242	632.9865934146762	3p	lv3p#-1_136.0|lv5p#1_65.0|lv5p_65.0|nta#A_170.5|lv3pT_364.5|lv5pE_65.0|nta#T_1.0|lv3p#1_51.0|nta#A#2_59.5|nta#A#1_111.0|total_895.0|nta#T#1_1.0|lv3p_415.5|lv3pE_51.0|lv3p#-3_104.5|mv_243.0|lv3p#-2_124.0
hsa-miR-200b-5p	hsa-mir-200b	888.0	50.0	261.0853978582765	628.0358602818241	5p	lv3p#-1_199.0|nta#C#1_3.0|lv5p_9.0|nta#C_3.0|nta#A_280.0|lv3pT_199.0|canonical_300.0|nta#T_85.0|nta#A#2_125.0|nta#A#1_155.0|lv5pT_9.0|total_888.0|nta#T#1_85.0|lv5p#-1_9.0|lv3p_199.0|NucVar_12.0
hsa-miR-92b-3p	hsa-mir-92b	835.3333333333334	65.0	245.6006032405559	590.7874871870312	3p	nta#A_104.33333333333333|canonical_250.0|nta#T_456.0|nta#UA_2.0|nta#A#3_76.33333333333333|nta#A#2_3.0|nta#A#1_25.0|total_835.3333333333334|nta#T#2_50.0|nta#T#1_406.0|nta#G#1_4.0|NucVar_21.0|nta#G_4.0
hsa-miR-342-3p	hsa-mir-342	825.0	74.0	242.56244733454741	583.4792620861541	3p	nta#A#1_1.0|canonical_154.0|lv3pE_258.0|nta#C#2_1.0|nta#C#1_2.0|nta#C_3.0|lv3p_483.0|nta#A_2.0|nta#UA_1.0|lv3p#2_77.0|lv3p#1_181.0|NucVar_19.0|nta#T#1_163.0|mv_1.0|lv3pT_225.0|lv3p#-2_1.0|lv3p#-1_224.0|nta#T_163.0|total_825.0|nta#A#2_1.0
hsa-miR-126-3p	hsa-mir-126	819.0	39.0	240.798356808478	579.2357765437093	3p	lv5p_96.0|nta#A_1.0|lv3pT_35.0|canonical_598.0|nta#T_54.0|nta#A#1_1.0|lv5pT_96.0|nta#T#2_1.0|total_819.0|nta#T#1_53.0|lv5p#-1_96.0|lv3p_35.0|NucVar_35.0|lv3p#-2_35.0
hsa-miR-25-3p	hsa-mir-25	805.0	52.0	236.68214558098262	569.3343102780049	3p	nta#A#1_206.0|lv5p_34.0|lv5p#-1_34.0|canonical_331.0|nta#C#1_3.0|nta#G_2.0|nta#C_3.0|nta#G#1_2.0|lv3p_163.0|nta#A_206.0|NucVar_31.0|nta#T#1_35.0|lv3pT_163.0|lv3p#-2_33.0|lv3p#-1_130.0|lv5pT_34.0|nta#T_35.0|total_805.0
hsa-miR-101-3p	hsa-mir-101-2	767.5	94.0	225.65657979304865	542.8125256377251	3p	nta#A#1_18.5|lv5p_98.5|canonical_20.0|lv3pE_177.5|nta#C#1_2.0|lv5pE_98.5|nta#C_2.0|lv3p_204.0|nta#A_18.5|lv3p#2_57.0|lv3p#1_120.5|NucVar_2.0|nta#T#1_128.0|mv_294.5|lv3pT_26.5|lv5p#1_98.5|lv3p#-2_26.5|nta#T_128.0|total_767.5
hsa-miR-30c-2-3p	hsa-mir-30c-2	765.0	39.0	224.92154207385306	541.0444066617065	3p	lv3p#-1_108.0|lv5p_17.0|nta#A_4.0|lv3pT_157.0|canonical_553.0|nta#T_1.0|nta#A#1_4.0|lv5pT_17.0|total_765.0|lv5p#-3_17.0|nta#T#1_1.0|lv3p_157.0|nta#G#1_1.0|nta#G_1.0|NucVar_32.0|lv3p#-2_49.0
hsa-miR-101-3p	hsa-mir-101-1	710.5	89.0	208.897719795389	502.49941298449994	3p	nta#A#1_18.5|lv5p_98.5|canonical_20.0|lv3pE_120.5|nta#C#1_2.0|lv5pE_98.5|nta#C_2.0|lv3p_147.0|nta#A_18.5|lv3p#1_120.5|NucVar_2.0|nta#T#1_128.0|mv_294.5|lv3pT_26.5|lv5p#1_98.5|lv3p#-2_26.5|nta#T_128.0|total_710.5
hsa-miR-500a-3p	hsa-mir-500a	710.0	45.0	208.7507122515499	502.14578918929624	3p	nta#A#1_13.0|lv5p_129.0|lv3pE_30.0|nta#C#1_1.5|lv5pE_129.0|nta#G_1.0|mlv5p#1_4.0|mlv5p_4.0|nta#C_1.5|nta#A_13.0|nta#G#1_1.0|lv3p_117.5|nta#UA_1.0|lv3p#1_30.0|nta#T#1_202.0|mv_242.0|lv3pT_87.5|lv5p#1_129.0|lv3p#-1_87.5|nta#T_202.0|total_710.0
hsa-miR-95-3p	hsa-mir-95	709.0	43.0	208.45669716387167	501.4385415988888	3p	nta#C#1_1.0|nta#C_1.0|nta#A_460.0|canonical_231.0|nta#T_2.0|nta#A#3_2.0|lv3p#1_1.0|nta#A#2_165.0|nta#AU_1.0|nta#A#1_293.0|total_709.0|nta#T#1_2.0|lv3p_1.0|lv3pE_1.0|nta#G#1_3.0|nta#G_3.0|NucVar_11.0
hsa-miR-27a-3p	hsa-mir-27a	707.5	43.0	208.0156745323543	500.3776702132776	3p	nta#A#1_64.0|lv5p_1.0|lv5p#-1_1.0|canonical_64.0|nta#G_1.0|nta#G#1_1.0|lv3p_528.0|nta#A_64.0|nta#UA_1.5|NucVar_5.0|nta#T#1_26.5|mv_18.0|lv3pT_528.0|lv3p#-2_116.0|lv3p#-1_412.0|lv5pT_1.0|nta#T_26.5|total_707.5
hsa-miR-205-5p	hsa-mir-205	684.0	42.0	201.10631997191567	483.7573518387023	5p	nta#C#1_1.0|nta#C_1.0|nta#A_71.0|canonical_11.0|nta#T_170.0|nta#UA_2.0|lv3p#1_383.0|nta#A#1_71.0|total_684.0|nta#T#2_134.0|nta#T#1_36.0|lv3p_383.0|nta#G#1_1.0|mv_46.0|lv3pE_383.0|nta#G_1.0|NucVar_1.0
hsa-miR-196a-5p	hsa-mir-196a-1	678.1666666666667	77.0	199.3912319604593	479.63174089465883	5p	nta#A#1_53.0|canonical_268.5|lv3pE_5.0|nta#C#1_1.0|nta#G_1.5|nta#C_1.0|nta#G#1_1.5|lv3p_151.5|nta#A_53.0|nta#UA_0.5|lv3p#1_5.0|NucVar_24.166666666666664|nta#T#1_176.5|mv_2.0|lv3pT_146.5|lv3p#-1_146.5|nta#T_176.5|total_678.1666666666667
hsa-miR-103a-3p	hsa-mir-103a-1	674.3333333333334	63.0	198.26417412435939	476.9206251314302	3p	lv3p#-1_157.0|nta#C#1_5.0|lv5p_12.5|nta#C_5.0|lv3pT_157.0|canonical_371.5|nta#T_79.0|lv3p#1_24.0|lv5pT_12.5|total_674.3333333333334|nta#T#1_79.0|lv5p#-2_12.5|lv3p_181.0|lv3pE_24.0|NucVar_25.333333333333332
hsa-miR-103a-3p	hsa-mir-103a-2	674.3333333333334	63.0	198.26417412435939	476.9206251314302	3p	lv3p#-1_157.0|nta#C#1_5.0|lv5p_12.5|nta#C_5.0|lv3pT_157.0|canonical_371.5|nta#T_79.0|lv3p#1_24.0|lv5pT_12.5|total_674.3333333333334|nta#T#1_79.0|lv5p#-2_12.5|lv3p_181.0|lv3pE_24.0|NucVar_25.333333333333332
hsa-miR-891a-5p	hsa-mir-891a	644.0	49.0	189.3457164647861	455.4674482224039	5p	lv3p#-1_168.0|nta#C#1_4.0|nta#C_4.0|nta#A_53.0|lv3pT_358.0|canonical_162.0|lv3p#1_58.0|nta#A#1_53.0|total_644.0|lv3p_416.0|lv3pE_58.0|NucVar_9.0|lv3p#-2_190.0
hsa-miR-425-5p	hsa-mir-425	637.0	49.0	187.28761085103844	450.51671508955167	5p	canonical_153.0|mlv3p_2.0|nta#T_69.0|nta#UA_1.0|lv3p#2_212.0|lv3p#1_178.0|nta#T#4_2.0|mlv3p#2_2.0|total_637.0|nta#T#1_67.0|lv3p_390.0|nta#G#1_1.0|lv3pE_390.0|nta#G_1.0|NucVar_22.0
hsa-miR-221-3p	hsa-mir-221	615.0	46.0	180.81927892211718	434.95726810058756	3p	lv3p#-1_294.0|nta#A_62.0|lv3pT_396.0|canonical_71.0|nta#T_78.0|nta#A#1_62.0|total_615.0|nta#T#1_78.0|lv3p_396.0|mv_1.0|lv3p#-3_102.0|NucVar_7.0
hsa-miR-186-5p	hsa-mir-186	611.0	42.0	179.64321857140422	432.12827773895776	5p	lv5p_95.0|nta#A_1.0|canonical_219.0|lv3p#1_248.0|nta#A#1_1.0|lv5pT_95.0|total_611.0|lv5p#-1_95.0|lv3p_248.0|mv_26.0|lv3pE_248.0|NucVar_22.0
hsa-miR-143-3p	hsa-mir-143	610.0	38.0	179.34920348372597	431.4210301485503	3p	nta#C#2_1.0|lv3p#-1_63.0|nta#C_1.0|nta#A_1.0|lv3pT_63.0|canonical_207.0|nta#T_316.0|nta#UA_3.0|lv3p#1_3.0|nta#A#1_1.0|total_610.0|nta#T#1_316.0|lv3p_66.0|lv3pE_3.0|NucVar_19.0
hsa-miR-181a-5p	hsa-mir-181a-2	583.75	68.0	171.63130743217218	412.8557809003545	5p	lv3p#-1_108.0|nta#C#1_1.0|nta#C_1.0|nta#A_55.5|lv3pT_345.25|canonical_167.5|lv3p#2_0.5|nta#A#1_55.5|total_583.75|lv3p_345.75|lv3p#-4_39.5|lv3pE_0.5|lv3p#-3_69.25|NucVar_14.0|lv3p#-2_128.5
hsa-miR-181a-5p	hsa-mir-181a-1	583.75	68.0	171.63130743217218	412.8557809003545	5p	lv3p#-1_108.0|nta#C#1_1.0|nta#C_1.0|nta#A_55.5|lv3pT_345.25|canonical_167.5|lv3p#2_0.5|nta#A#1_55.5|total_583.75|lv3p_345.75|lv3p#-4_39.5|lv3pE_0.5|lv3p#-3_69.25|NucVar_14.0|lv3p#-2_128.5
hsa-miR-196b-5p	hsa-mir-196b	517.6666666666667	30.0	152.2018103881019	366.1185026342616	5p	nta#A#1_154.0|canonical_19.0|lv3pE_159.0|nta#C#1_1.0|nta#G_2.0|nta#C_1.0|nta#G#1_2.0|lv3p_160.0|nta#A_154.0|lv3p#2_61.0|lv3p#1_98.0|NucVar_1.6666666666666665|nta#T#2_1.0|nta#T#1_179.0|lv3pT_1.0|lv3p#-1_1.0|nta#T_180.0|total_517.6666666666667
hsa-miR-93-5p	hsa-mir-93	497.0	23.0	146.12549857608494	351.50205243250736	5p	lv3p#-1_16.0|nta#A_92.0|lv3pT_106.0|canonical_285.0|nta#A#3_30.0|nta#A#2_2.0|nta#A#1_60.0|total_497.0|lv3p_106.0|NucVar_14.0|lv3p#-2_90.0
hsa-miR-29c-3p	hsa-mir-29c	486.0	42.0	142.8913326116243	343.7223289380253	3p	nta#A#1_29.0|lv5p_1.0|canonical_36.0|nta#C#1_1.0|lv5pE_1.0|nta#G_1.0|nta#C_1.0|nta#G#1_1.0|lv3p_412.5|nta#A_29.5|NucVar_5.0|lv3p#-3_50.5|lv3pT_412.5|lv5p#1_1.0|lv3p#-2_187.0|lv3p#-1_175.0|total_486.0|nta#A#2_0.5
hsa-miR-652-3p	hsa-mir-652	463.0	20.0	136.1289855950248	327.45563435865375	3p	nta#A_2.0|nta#T_431.0|nta#UA_1.0|lv3p#1_29.0|nta#A#1_2.0|total_463.0|nta#T#1_431.0|lv3p_29.0|nta#G#1_1.0|lv3pE_29.0|nta#G_1.0
hsa-miR-194-5p	hsa-mir-194-1	449.5	40.0	132.15978191136855	317.90779188815304	5p	lv5p_23.5|lv5p#-1_23.5|canonical_333.5|lv3pE_2.0|nta#C#2_0.5|nta#C#1_1.0|nta#G_3.0|nta#C_1.5|nta#G#1_3.0|lv3p_64.5|nta#UA_0.5|lv3p#1_2.0|NucVar_19.0|nta#T#1_4.5|lv3p#-3_13.0|lv3pT_62.5|lv3p#-1_49.5|lv5pT_23.5|nta#T_4.5|total_449.5
hsa-miR-532-5p	hsa-mir-532	448.0	35.0	131.7187592798512	316.8469205025418	5p	lv5p_35.0|nta#A_43.0|canonical_267.0|nta#T_44.0|lv3p#1_36.0|nta#A#1_43.0|lv5pT_35.0|nta#T#2_1.0|total_448.0|nta#T#1_43.0|lv5p#-1_35.0|lv3p_36.0|nta#G#1_1.0|lv3pE_36.0|nta#G_1.0|NucVar_22.0
hsa-miR-378a-3p	hsa-mir-378a	439.0	12.0	129.07262349074705	310.4816921888747	3p	lv3p#-1_151.0|lv5p_33.0|nta#A_161.0|canonical_39.0|lv3pT_151.0|mlv3p_55.0|nta#A#1_161.0|mlv3p#2_55.0|lv5pT_33.0|total_439.0|lv5p#-1_33.0|lv3p_151.0
hsa-miR-16-5p	hsa-mir-16-1	408.5	37.0	120.10516331656075	288.9106406814472	5p	lv3p#-1_28.0|lv5p_1.5|nta#A_81.5|lv3pT_28.0|canonical_208.0|lv3p#2_78.0|nta#AU_0.5|nta#A#1_81.5|lv5pT_1.5|total_408.5|lv5p#-3_1.5|lv3p_106.0|lv3pE_78.0|NucVar_11.5
hsa-miR-361-3p	hsa-mir-361	400.0	30.0	117.60603507129572	282.8990361629838	3p	lv3p#-1_174.0|nta#C#1_1.0|nta#C_1.0|nta#A_1.0|lv3pT_174.0|canonical_167.0|lv3p#1_21.0|nta#A#1_1.0|total_400.0|lv3p_195.0|mv_18.0|lv3pE_21.0|NucVar_18.0
hsa-miR-31-5p	hsa-mir-31	394.0	33.0	115.84194454522628	278.65555062053903	5p	lv5p_1.0|nta#A_4.0|mlv3p_2.0|nta#T_1.0|lv3p#3_91.0|lv3p#2_265.0|mlv3p#3_2.0|nta#A#1_4.0|nta#T#3_1.0|lv5pT_1.0|total_394.0|lv5p#-1_1.0|lv3p_356.0|mv_29.0|nta#G#1_1.0|lv3pE_356.0|nta#G_1.0
hsa-miR-335-5p	hsa-mir-335	379.0	17.0	111.4317182300527	268.04683676442716	5p	mv_1.0|lv3p#-2_49.0|nta#A_50.0|lv3p#-1_279.0|nta#A#1_50.0|total_379.0|lv3p_328.0|lv3pT_328.0
hsa-miR-128-3p	hsa-mir-128-1	364.0	55.0	107.0214919148791	257.4381229083153	3p	lv5p_31.5|nta#A_23.0|canonical_141.5|mlv3p_114.0|lv3p#2_2.0|nta#A#2_1.5|nta#A#1_21.5|mlv3p#2_114.0|lv5pT_31.5|total_364.0|lv5p#-2_31.5|lv3p_2.0|mv_28.0|lv3pE_2.0|nta#G#1_15.0|NucVar_9.0|nta#G_15.0
hsa-miR-10b-3p	hsa-mir-10b	347.0	20.0	102.02323542434904	245.41491387138845	3p	lv3p#-1_102.0|nta#C#1_1.0|nta#C_1.0|lv5p_119.0|nta#A_124.0|lv3pT_102.0|canonical_1.0|nta#A#1_124.0|total_347.0|lv5pT_119.0|lv3p_102.0|lv5p#-1_119.0
hsa-miR-149-5p	hsa-mir-149	340.0	18.0	99.96512981060135	240.46418073853621	5p	lv3p#-1_210.0|lv5p_53.0|lv3pT_276.0|canonical_11.0|lv5pT_53.0|total_340.0|lv5p#-2_53.0|lv3p_276.0|lv3p#-3_34.0|lv3p#-2_32.0
hsa-miR-16-5p	hsa-mir-16-2	330.5	35.0	97.17198647765808	233.74532862966535	5p	lv3p#-1_28.0|lv5p_1.5|nta#A_81.5|lv3pT_28.0|canonical_208.0|nta#AU_0.5|nta#A#1_81.5|lv5pT_1.5|total_330.5|lv5p#-3_1.5|lv3p_28.0|NucVar_11.5
hsa-miR-140-3p	hsa-mir-140	329.0	34.0	96.73096384614072	232.68445724405416	3p	nta#C#2_1.0|nta#C#1_1.0|nta#C_2.0|nta#A_1.0|mlv3p_2.0|nta#T_74.0|lv3p#3_142.0|lv3p#2_41.0|nta#A#2_1.0|mlv3p#3_1.0|mlv3p#2_1.0|total_329.0|nta#T#1_74.0|lv3p_183.0|mv_67.0|lv3pE_183.0
hsa-miR-484	hsa-mir-484	327.0	24.0	96.14293367078425	231.26996206323926	5p	lv3p#-1_113.0|nta#C#1_3.0|nta#C_3.0|nta#A_18.0|canonical_18.0|lv3pT_113.0|nta#T_76.0|nta#UA_12.0|nta#A#2_2.0|lv3p#1_99.0|nta#A#1_16.0|nta#T#3_1.0|total_327.0|nta#T#2_61.0|nta#T#1_14.0|lv3p_212.0|lv3pE_99.0
hsa-miR-374a-5p	hsa-mir-374a	325.5	20.0	95.70191103926689	230.20909067762807	5p	lv3p#-1_97.5|nta#C#1_2.0|nta#C_2.0|nta#A_14.5|lv3pT_97.5|canonical_165.0|nta#T_1.0|lv3p#1_34.0|nta#A#1_14.5|total_325.5|nta#T#1_1.0|lv3p_131.5|lv3pE_34.0|NucVar_11.5
hsa-miR-363-3p	hsa-mir-363	323.0	31.0	94.96687332007129	228.4409717016094	3p	lv3p#-1_80.0|nta#A_2.0|lv3pT_112.0|canonical_134.0|nta#T_64.0|nta#A#2_1.0|nta#A#1_1.0|nta#T#2_20.0|total_323.0|nta#T#1_44.0|lv3p_112.0|NucVar_11.0|lv3p#-2_32.0
hsa-miR-374b-5p	hsa-mir-374b	312.5	23.0	91.87971489944978	221.0148720023311	5p	lv3p#-1_159.5|nta#A_50.5|lv3pT_159.5|canonical_96.0|lv3p#1_1.0|nta#A#1_50.5|total_312.5|lv3p_160.5|lv3pE_1.0|NucVar_5.5
hsa-miR-28-5p	hsa-mir-28	297.0	16.0	87.32248104043707	210.05253435101545	5p	lv3p#-1_22.0|nta#A_61.0|lv3pT_22.0|canonical_133.0|nta#T_1.0|nta#A#2_1.0|lv3p#1_75.0|nta#A#1_60.0|total_297.0|nta#T#1_1.0|lv3p_97.0|lv3pE_75.0|NucVar_5.0
hsa-miR-135b-5p	hsa-mir-135b	291.0	18.0	85.55839051436763	205.8090488085707	5p	canonical_267.0|total_291.0|nta#T#1_1.0|nta#T_1.0|NucVar_23.0
hsa-miR-200a-5p	hsa-mir-200a	277.0	28.0	81.44217928687229	195.90758254286627	5p	lv3p#-1_46.0|nta#C#1_1.0|nta#C_1.0|nta#A_32.0|lv3pT_107.0|canonical_98.0|nta#T_1.0|nta#A#1_32.0|total_277.0|nta#T#1_1.0|lv3p_107.0|mv_35.0|NucVar_3.0|lv3p#-2_61.0
hsa-miR-502-3p	hsa-mir-502	271.5	29.0	79.82509630464197	192.01772079562525	3p	lv5p#-2_2.0|nta#A#1_54.0|lv5p_2.0|canonical_151.0|lv3pE_48.0|nta#C#1_2.5|nta#G_1.0|nta#C_2.5|nta#G#1_1.0|lv3p_48.0|nta#A_55.0|lv3p#1_48.0|NucVar_10.0|nta#T#1_2.0|lv5pT_2.0|nta#T_2.0|nta#A#3_1.0|total_271.5
hsa-miR-193a-5p	hsa-mir-193a	271.0	17.0	79.67808876080285	191.66409700042152	5p	lv3p#-1_63.0|nta#C#1_4.0|nta#C_4.0|lv3pT_93.0|canonical_167.0|total_271.0|lv3p_93.0|NucVar_7.0|lv3p#-2_30.0
hsa-miR-128-3p	hsa-mir-128-2	264.0	38.0	77.61998314705518	186.7133638675693	3p	lv5p_31.5|nta#A_67.0|canonical_141.5|nta#A#2_1.5|nta#A#1_65.5|lv5pT_31.5|total_264.0|lv5p#-2_31.5|nta#G#1_15.0|nta#G_15.0|NucVar_9.0
hsa-miR-135a-2-3p	hsa-mir-135a-2	258.0	13.0	75.85589262098574	182.46987832512454	3p	mv_110.0|nta#AU_1.0|nta#A_148.0|nta#A#1_148.0|total_258.0
hsa-miR-877-5p	hsa-mir-877	256.0	15.0	75.26786244562926	181.05538314430962	5p	lv3pE_99.0|nta#A_157.0|nta#A#1_157.0|total_256.0|lv3p_99.0|lv3p#3_30.0|lv3p#1_69.0
hsa-miR-340-3p	hsa-mir-340	237.0	16.0	69.68157577974272	167.6176789265679	3p	lv3pE_182.0|lv3p#-2_20.0|nta#A_35.0|nta#A#1_35.0|total_237.0|lv3p_202.0|lv3pT_20.0|lv3p#1_182.0
hsa-miR-148b-3p	hsa-mir-148b	232.5	14.0	68.35850788519063	164.43506476973434	3p	lv3p#-1_1.0|nta#A_5.0|lv3pT_1.0|canonical_89.0|nta#T_135.5|nta#A#1_5.0|total_232.5|nta#T#1_135.5|lv3p_1.0|NucVar_2.0
hsa-miR-455-3p	hsa-mir-455	219.0	14.0	64.3893042015344	154.88722229923363	3p	nta#A_1.0|canonical_71.0|nta#T_67.0|lv3p#1_20.0|nta#A#1_1.0|total_219.0|nta#T#1_67.0|lv3p_20.0|mv_56.0|lv3pE_20.0|NucVar_4.0
hsa-miR-197-3p	hsa-mir-197	218.0	10.0	64.09528911385617	154.17997470882617	3p	canonical_169.0|lv3pE_40.0|total_218.0|lv3p_40.0|NucVar_9.0|lv3p#2_40.0
hsa-miR-9-5p	hsa-mir-9-2	215.33333333333354	44.0	63.31124888004759	152.29398113440644	5p	lv3p#-1_80.66666666666661|nta#C#1_0.6666666666666666|nta#C_0.6666666666666666|nta#A_24.999999999999996|lv3pT_156.6666666666668|canonical_13.333333333333334|nta#A#2_24.999999999999996|total_215.33333333333354|lv3p_156.6666666666668|mv_18.333333333333332|lv3p#-3_6.666666666666666|NucVar_1.3333333333333333|lv3p#-2_69.33333333333331
hsa-miR-9-5p	hsa-mir-9-3	215.33333333333354	44.0	63.31124888004759	152.29398113440644	5p	lv3p#-1_80.66666666666661|nta#C#1_0.6666666666666666|nta#C_0.6666666666666666|nta#A_24.999999999999996|lv3pT_156.6666666666668|canonical_13.333333333333334|nta#A#2_24.999999999999996|total_215.33333333333354|lv3p_156.6666666666668|mv_18.333333333333332|lv3p#-3_6.666666666666666|NucVar_1.3333333333333333|lv3p#-2_69.33333333333331
hsa-miR-9-5p	hsa-mir-9-1	215.33333333333354	44.0	63.31124888004759	152.29398113440644	5p	lv3p#-1_80.66666666666661|nta#C#1_0.6666666666666666|nta#C_0.6666666666666666|nta#A_24.999999999999996|lv3pT_156.6666666666668|canonical_13.333333333333334|nta#A#2_24.999999999999996|total_215.33333333333354|lv3p_156.6666666666668|mv_18.333333333333332|lv3p#-3_6.666666666666666|NucVar_1.3333333333333333|lv3p#-2_69.33333333333331
hsa-miR-181a-2-3p	hsa-mir-181a-2	215.0	15.0	63.21324385082145	152.05823193760378	3p	lv3p#-1_63.0|lv5p_41.0|nta#A_1.0|lv3pT_63.0|canonical_101.0|nta#A#1_1.0|lv5pT_41.0|total_215.0|lv5p#-2_41.0|lv3p_63.0|nta#G#1_1.0|nta#G_1.0|NucVar_8.0
hsa-miR-345-5p	hsa-mir-345	210.0	25.0	61.74316841243025	148.5219939855665	5p	nta#A_106.0|canonical_58.0|nta#T_38.0|nta#UA_1.0|nta#A#2_106.0|total_210.0|nta#T#1_38.0|nta#G#1_1.0|nta#G_1.0|NucVar_7.0
hsa-miR-615-3p	hsa-mir-615	208.0	15.0	61.15513823707377	147.10749880475157	3p	lv3p#-1_127.0|lv5p_10.0|lv3pT_127.0|canonical_64.0|lv5pT_10.0|total_208.0|lv5p#-3_10.0|lv3p_127.0|nta#G#1_1.0|nta#G_1.0|NucVar_6.0
hsa-miR-99b-3p	hsa-mir-99b	199.0	18.0	58.50900244796962	140.74227049108444	3p	nta#A_35.0|nta#T_127.0|lv3p#1_37.0|nta#A#1_35.0|nta#T#2_23.0|total_199.0|nta#T#1_104.0|lv3p_37.0|lv3pE_37.0
hsa-miR-660-5p	hsa-mir-660	195.0	19.0	57.33294209725666	137.9132801294546	5p	nta#A#2_36.0|nta#A_194.0|nta#A#1_158.0|total_195.0|nta#T#1_1.0|nta#T_1.0
hsa-miR-146a-5p	hsa-mir-146a	194.0	20.0	57.03892700957842	137.20603253904713	5p	canonical_108.0|nta#A_19.0|nta#A#1_19.0|total_194.0|nta#T#1_55.0|nta#T_55.0|NucVar_12.0
hsa-miR-29b-3p	hsa-mir-29b-2	191.5	27.0	56.30388929038283	135.4379135630285	3p	nta#C#1_0.5|nta#C_0.5|nta#A_40.5|lv3pT_77.0|nta#A#1_40.5|total_191.5|lv3p_77.0|nta#G#2_0.5|lv3p#-3_34.5|mv_73.0|nta#G_0.5|lv3p#-2_42.5
hsa-miR-29b-3p	hsa-mir-29b-1	191.5	27.0	56.30388929038283	135.4379135630285	3p	nta#C#1_0.5|nta#C_0.5|nta#A_40.5|lv3pT_77.0|nta#A#1_40.5|total_191.5|lv3p_77.0|nta#G#2_0.5|lv3p#-3_34.5|mv_73.0|nta#G_0.5|lv3p#-2_42.5
hsa-miR-2110	hsa-mir-2110	183.0	8.0	53.80476104511779	129.42630904456507	5p	lv3pE_149.0|nta#C_1.0|total_183.0|nta#T#1_33.0|lv3p_149.0|nta#T_33.0|nta#C#1_1.0|lv3p#1_149.0
hsa-miR-532-3p	hsa-mir-532	177.0	13.0	52.040670519048355	125.18282350212033	3p	canonical_163.0|nta#C_1.0|nta#A#2_2.0|nta#A_2.0|total_177.0|nta#C#1_1.0|NucVar_11.0
hsa-miR-320b	hsa-mir-320b-2	165.25833333333338	30.0	48.58844336455971	116.87855804475276	3p	canonical_80.0|lv3pE_2.333333333333333|nta#C#1_0.125|nta#C_0.125|lv3p_22.133333333333326|nta#A_21.0|lv3p#2_0.5|lv3p#1_1.8333333333333333|nta#T#3_0.3333333333333333|NucVar_4.5|nta#T#1_0.6666666666666666|mv_36.0|mlv3p_0.5|lv3p#-3_4.8|lv3pT_19.799999999999997|lv3p#-2_15.0|mlv3p#2_0.5|nta#T_1.0|nta#A#3_21.0|total_165.25833333333338
hsa-miR-320b	hsa-mir-320b-1	164.75833333333338	29.0	48.441435820720585	116.52493424954903	3p	canonical_80.0|lv3pE_1.8333333333333333|nta#C#1_0.125|nta#C_0.125|lv3p_21.633333333333326|nta#A_21.0|lv3p#1_1.8333333333333333|nta#T#3_0.3333333333333333|NucVar_4.5|nta#T#1_0.6666666666666666|mv_36.0|mlv3p_0.5|lv3p#-3_4.8|lv3pT_19.799999999999997|lv3p#-2_15.0|mlv3p#3_0.5|nta#T_1.0|nta#A#3_21.0|total_164.75833333333338
hsa-miR-125b-2-3p	hsa-mir-125b-2	162.0	17.0	47.63044420387477	114.57410964600844	3p	nta#A_25.0|nta#T_34.0|nta#UA_1.0|nta#A#1_25.0|total_162.0|nta#T#2_23.0|nta#T#1_11.0|nta#G#1_1.0|mv_102.0|nta#G_1.0
hsa-miR-664a-3p	hsa-mir-664a	162.0	9.0	47.63044420387477	114.57410964600844	3p	canonical_79.0|lv3p#-1_78.0|total_162.0|lv3p_78.0|NucVar_5.0|lv3pT_78.0
hsa-miR-769-5p	hsa-mir-769	160.0	10.0	47.04241402851829	113.15961446519351	5p	canonical_147.0|total_160.0|NucVar_13.0
hsa-miR-224-5p	hsa-mir-224	157.0	15.0	46.16036876548357	111.03787169397114	5p	mv_12.0|lv5p_81.0|lv5pT_81.0|lv3p#-2_64.0|lv5p#-1_81.0|total_157.0|lv3p_64.0|lv3pT_64.0
hsa-let-7a-3p	hsa-let-7a-1	156.0	24.0	45.86635367780533	110.33062410356368	3p	nta#A_33.0|nta#T_86.5|lv3p#1_36.0|nta#A#1_33.0|total_156.0|nta#T#1_86.5|lv3p_36.0|nta#G#1_0.5|lv3pE_36.0|nta#G_0.5
hsa-let-7a-3p	hsa-let-7a-3	156.0	24.0	45.86635367780533	110.33062410356368	3p	nta#A_33.0|nta#T_86.5|lv3p#1_36.0|nta#A#1_33.0|total_156.0|nta#T#1_86.5|lv3p_36.0|nta#G#1_0.5|lv3pE_36.0|nta#G_0.5
hsa-miR-194-3p	hsa-mir-194-2	152.0	15.0	44.69029332709237	107.50163374193384	3p	canonical_53.0|nta#A_39.0|nta#A#1_39.0|total_152.0|nta#T#1_54.0|nta#UA_1.0|nta#T_54.0|NucVar_6.0
hsa-miR-181b-5p	hsa-mir-181b-2	151.75	25.0	44.616789555172815	107.32482184433198	5p	nta#A_23.5|lv3pT_0.25|canonical_27.0|lv3p#2_98.0|nta#A#2_22.0|nta#A#1_1.5|total_151.75|lv3p_98.25|lv3p#-3_0.25|nta#G#1_0.5|lv3pE_98.0|nta#G_0.5|NucVar_2.5
hsa-miR-874-3p	hsa-mir-874	151.0	12.0	44.39627823941414	106.79438615152638	3p	nta#A_1.0|canonical_12.0|nta#T_114.0|lv3p#2_23.0|nta#A#1_1.0|total_151.0|nta#T#1_114.0|lv3p_23.0|lv3pE_23.0|NucVar_1.0
hsa-miR-361-5p	hsa-mir-361	148.0	9.0	43.51423297637942	104.67264338030401	5p	lv3p#-1_1.0|lv5p_28.0|nta#A_25.0|lv3pT_1.0|canonical_92.0|nta#A#1_25.0|lv5pT_28.0|total_148.0|lv5p#-3_28.0|lv3p_1.0|NucVar_2.0
hsa-miR-324-3p	hsa-mir-324	142.0	7.0	41.75014245030998	100.42915783785925	3p	mv_1.0|nta#T#4_53.0|nta#A#2_52.0|nta#A_52.0|nta#T#2_1.0|total_142.0|nta#T#1_35.0|nta#T_89.0
hsa-let-7b-3p	hsa-let-7b	139.0	11.0	40.86809718727526	98.30741506663686	3p	nta#A_1.0|lv3p#-1_19.0|nta#A#1_1.0|total_139.0|lv3p_19.0|nta#T#1_119.0|nta#T_119.0|lv3pT_19.0
hsa-miR-1180-3p	hsa-mir-1180	135.0	11.0	39.6920368365623	95.47842470500703	3p	canonical_21.0|nta#A_19.0|nta#A#1_19.0|total_135.0|nta#T#1_95.0|nta#T_95.0
hsa-miR-106a-5p	hsa-mir-106a	135.0	9.0	39.6920368365623	95.47842470500703	5p	canonical_53.0|nta#A_1.0|nta#A#1_1.0|nta#T#2_1.0|total_135.0|nta#T#1_76.0|nta#T_77.0|NucVar_4.0
hsa-miR-450b-5p	hsa-mir-450b	135.0	8.0	39.6920368365623	95.47842470500703	5p	canonical_1.0|lv3pE_26.0|lv3p#-1_108.0|total_135.0|lv3p_134.0|lv3pT_108.0|lv3p#1_26.0
hsa-miR-106b-3p	hsa-mir-106b	128.0	14.0	37.63393122281463	90.52769157215481	3p	nta#A_71.0|mlv3p_1.0|nta#T_39.0|nta#A#2_70.0|nta#A#1_1.0|mlv3p#2_1.0|total_128.0|nta#T#1_39.0|mv_17.0
hsa-miR-362-5p	hsa-mir-362	118.0	13.0	34.693780346032234	83.45521566808021	5p	canonical_27.0|lv3p#-1_90.0|total_118.0|lv3p_90.0|NucVar_1.0|lv3pT_90.0
hsa-miR-185-5p	hsa-mir-185	116.0	6.0	34.105750170675755	82.0407204872653	5p	canonical_111.0|nta#C_1.0|total_116.0|nta#C#1_1.0|NucVar_4.0
hsa-miR-10a-3p	hsa-mir-10a	115.0	11.0	33.81173508299752	81.33347289685784	3p	mv_49.0|nta#A#3_21.0|lv3p#-1_44.0|nta#A_22.0|nta#A#1_1.0|total_115.0|lv3p_44.0|lv3pT_44.0
hsa-miR-1270	hsa-mir-1270	115.0	13.0	33.81173508299752	81.33347289685784	5p	lv3p#-1_71.0|lv3pT_84.0|canonical_28.0|nta#T_1.0|total_115.0|nta#T#1_1.0|lv3p_84.0|NucVar_2.0|lv3p#-2_13.0
hsa-miR-30c-1-3p	hsa-mir-30c-1	110.0	5.0	32.341659644606324	77.79723494482054	3p	lv3p#-2_110.0|total_110.0|lv3p_110.0|lv3pT_110.0
hsa-miR-1260a	hsa-mir-1260a	108.0	4.0	31.753629469249844	76.38273976400562	5p	lv3pE_97.0|total_108.0|nta#T#1_11.0|lv3p_97.0|nta#T_11.0|lv3p#2_63.0|lv3p#1_34.0
hsa-miR-505-3p	hsa-mir-505	105.0	10.0	30.871584206215125	74.26099699278325	3p	mv_29.0|canonical_33.0|lv3p#-1_40.0|total_105.0|lv3p_40.0|NucVar_3.0|lv3pT_40.0
hsa-miR-1468-5p	hsa-mir-1468	103.0	12.0	30.283554030858646	72.84650181196832	5p	canonical_27.0|lv3pE_69.0|nta#C_1.0|total_103.0|lv3p_69.0|NucVar_6.0|nta#C#1_1.0|lv3p#1_69.0
hsa-miR-15b-5p	hsa-mir-15b	101.0	9.0	29.69552385550217	71.43200663115341	5p	canonical_53.0|lv3p#-3_26.0|total_101.0|nta#T#1_18.0|lv3p_26.0|nta#T_18.0|NucVar_4.0|lv3pT_26.0
hsa-miR-3613-5p	hsa-mir-3613	97.0	4.0	28.51946350478921	68.60301626952356	5p	lv3p#-1_51.0|lv5p_16.0|nta#A_30.0|lv3pT_51.0|nta#A#2_1.0|nta#A#1_29.0|lv5pT_16.0|total_97.0|lv5p#-2_16.0|lv3p_51.0
hsa-miR-151b	hsa-mir-151b	94.0	15.0	27.637418241754492	66.48127349830119	3p	nta#C#1_0.5|nta#C_0.5|nta#A_2.0|nta#T_0.5|lv3p#3_7.0|lv3p#2_42.0|lv3p#1_27.5|nta#A#1_2.0|total_94.0|nta#T#1_0.5|lv3p_76.5|nta#G#1_0.5|lv3pE_76.5|mv_14.0|nta#G_0.5
hsa-miR-424-3p	hsa-mir-424	93.0	2.0	27.343403154076256	65.77402590789373	3p	canonical_37.0|total_93.0|NucVar_56.0
hsa-miR-320d	hsa-mir-320d-1	90.125	7.0	26.498109777001318	63.74068908547228	3p	nta#C#1_0.125|nta#C_0.125|nta#A_1.0|mlv3p_2.0|nta#T_87.0|mlv3p#4_1.0|nta#A#1_1.0|mlv3p#2_1.0|total_90.125|nta#T#1_87.0
hsa-miR-135a-5p	hsa-mir-135a-2	89.5	11.0	26.314350347202417	63.298659341467626	5p	canonical_55.0|nta#C_0.5|lv3p#-1_30.0|total_89.5|lv3p_30.0|nta#C#1_0.5|NucVar_4.0|lv3pT_30.0
hsa-miR-135a-5p	hsa-mir-135a-1	89.5	11.0	26.314350347202417	63.298659341467626	5p	canonical_55.0|nta#C_0.5|lv3p#-1_30.0|total_89.5|lv3p_30.0|nta#C#1_0.5|NucVar_4.0|lv3pT_30.0
hsa-miR-204-3p	hsa-mir-204	85.0	6.0	24.99128245265034	60.116045184634054	3p	nta#A_85.0|nta#A#1_85.0|total_85.0
hsa-miR-664a-5p	hsa-mir-664a	83.0	8.0	24.403252277293863	58.701550003819136	5p	mv_33.0|lv3p#-2_24.0|nta#A_26.0|nta#A#1_26.0|total_83.0|lv3p_24.0|lv3pT_24.0
hsa-miR-542-3p	hsa-mir-542	83.0	7.0	24.403252277293863	58.701550003819136	3p	nta#A_1.0|nta#A#1_1.0|total_83.0|nta#T#1_82.0|nta#T_82.0
hsa-miR-7-5p	hsa-mir-7-2	82.33333333333326	19.0	24.207242218841678	58.230051610214105	5p	lv3p#-1_0.3333333333333333|nta#A_13.0|lv3pT_19.999999999999993|canonical_46.666666666666664|nta#A#1_13.0|total_82.33333333333326|lv3p_19.999999999999993|NucVar_2.6666666666666665|lv3p#-2_19.66666666666666
hsa-miR-7-5p	hsa-mir-7-3	82.33333333333326	19.0	24.207242218841678	58.230051610214105	5p	lv3p#-1_0.3333333333333333|nta#A_13.0|lv3pT_19.999999999999993|canonical_46.666666666666664|nta#A#1_13.0|total_82.33333333333326|lv3p_19.999999999999993|NucVar_2.6666666666666665|lv3p#-2_19.66666666666666
hsa-miR-7-5p	hsa-mir-7-1	82.33333333333326	19.0	24.207242218841678	58.230051610214105	5p	lv3p#-1_0.3333333333333333|nta#A_13.0|lv3pT_19.999999999999993|canonical_46.666666666666664|nta#A#1_13.0|total_82.33333333333326|lv3p_19.999999999999993|NucVar_2.6666666666666665|lv3p#-2_19.66666666666666
hsa-miR-122-5p	hsa-mir-122	80.0	5.0	23.521207014259144	56.57980723259676	5p	nta#C_2.0|nta#A_78.0|nta#A#1_78.0|total_80.0|nta#C#1_2.0
hsa-miR-450a-5p	hsa-mir-450a-1	79.5	11.0	23.374199470420024	56.226183437393026	5p	lv5p_41.5|nta#A_1.5|lv3pT_36.5|nta#A#1_1.5|total_79.5|lv5pT_41.5|lv3p_36.5|lv5p#-1_41.5|lv3p#-2_36.5
hsa-miR-450a-5p	hsa-mir-450a-2	79.5	11.0	23.374199470420024	56.226183437393026	5p	lv5p_41.5|nta#A_1.5|lv3pT_36.5|nta#A#1_1.5|total_79.5|lv5pT_41.5|lv3p_36.5|lv5p#-1_41.5|lv3p#-2_36.5
hsa-miR-195-5p	hsa-mir-195	79.0	5.0	23.227191926580904	55.8725596421893	5p	lv3pE_79.0|total_79.0|lv3p_79.0|lv3p#1_79.0
hsa-miR-4510	hsa-mir-4510	78.5	31.0	23.080184382741784	55.51893584698557	5p	lv5p_1.0|nta#A#1_9.5|lv5p#-1_0.5|canonical_1.0|lv3pE_2.0|lv3p_10.5|nta#A_12.5|lv3p#1_2.0|NucVar_50.5|nta#T#1_1.0|mlv3p_2.0|lv3p#-3_0.5|lv3pT_8.5|lv3p#-2_2.0|lv3p#-1_6.0|lv5pT_1.0|mlv3p#2_2.0|nta#T_1.0|lv5p#-3_0.5|total_78.5|nta#A#2_3.0
hsa-miR-29b-1-5p	hsa-mir-29b-1	75.0	4.0	22.05113157586795	53.04356928055946	5p	canonical_2.0|total_75.0|nta#T#1_72.0|nta#T_72.0|NucVar_1.0
hsa-miR-576-5p	hsa-mir-576	74.0	4.0	21.75711648818971	52.336321690152005	5p	lv3p#-1_74.0|total_74.0|lv3p_74.0|lv3pT_74.0
hsa-miR-548k	hsa-mir-548k	74.0	3.0	21.75711648818971	52.336321690152005	5p	canonical_72.0|total_74.0|NucVar_2.0
hsa-miR-22-5p	hsa-mir-22	74.0	5.0	21.75711648818971	52.336321690152005	5p	canonical_70.0|total_74.0|NucVar_4.0
hsa-miR-888-5p	hsa-mir-888	72.0	6.0	21.16908631283323	50.92182650933708	5p	nta#A_1.0|lv3p#-1_71.0|nta#A#1_1.0|total_72.0|lv3p_71.0|lv3pT_71.0
hsa-miR-29c-5p	hsa-mir-29c	70.0	2.0	20.58105613747675	49.50733132852216	5p	lv3p#-2_70.0|total_70.0|lv3p_70.0|lv3pT_70.0
hsa-miR-1-3p	hsa-mir-1-2	67.5	5.0	19.84601841828115	47.739212352503515	3p	canonical_24.0|nta#G#1_42.5|nta#A_0.5|nta#A#1_0.5|total_67.5|NucVar_0.5|nta#G_42.5
hsa-miR-1-3p	hsa-mir-1-1	67.5	5.0	19.84601841828115	47.739212352503515	3p	canonical_24.0|nta#G#1_42.5|nta#A_0.5|nta#A#1_0.5|total_67.5|NucVar_0.5|nta#G_42.5
hsa-miR-382-5p	hsa-mir-382	66.0	3.0	19.404995786763795	46.67834096689233	5p	nta#A_1.0|nta#A#1_1.0|total_66.0|nta#T#1_65.0|nta#T_65.0
hsa-miR-374a-3p	hsa-mir-374a	65.0	8.0	19.110980699085555	45.971093376484866	3p	canonical_57.0|nta#A_1.0|nta#A#1_1.0|total_65.0|NucVar_7.0
hsa-miR-489-3p	hsa-mir-489	64.0	3.0	18.816965611407316	45.263845786077404	3p	canonical_62.0|nta#A_1.0|nta#A#1_1.0|total_64.0|NucVar_1.0
hsa-miR-20a-5p	hsa-mir-20a	63.5	6.0	18.669958067568196	44.91022199087368	5p	lv3pE_63.5|total_63.5|lv3p_63.5|lv3p#1_63.5
hsa-miR-1271-5p	hsa-mir-1271	58.0	5.0	17.052875085337877	41.02036024363265	5p	canonical_2.0|total_58.0|nta#T#1_56.0|nta#T_56.0
hsa-miR-6735-5p	hsa-mir-6735	58.0	6.0	17.052875085337877	41.02036024363265	5p	lv3p#-4_57.0|nta#A_1.0|nta#A#1_1.0|total_58.0|lv3p_57.0|lv3pT_57.0
hsa-miR-184	hsa-mir-184	57.0	5.0	16.75885999765964	40.31311265322519	3p	canonical_53.0|nta#A_1.0|nta#A#1_1.0|total_57.0|NucVar_3.0
hsa-miR-653-5p	hsa-mir-653	57.0	5.0	16.75885999765964	40.31311265322519	5p	mv_57.0|total_57.0
hsa-miR-584-5p	hsa-mir-584	55.0	5.0	16.170829822303162	38.89861747241027	5p	lv3p#-1_49.0|total_55.0|nta#T#1_6.0|lv3p_49.0|nta#T_6.0|lv3pT_49.0
hsa-miR-574-3p	hsa-mir-574	54.0	5.0	15.876814734624922	38.19136988200281	3p	canonical_50.0|total_54.0|nta#T#1_1.0|nta#T_1.0|NucVar_3.0
hsa-miR-181b-5p	hsa-mir-181b-1	53.75	15.0	15.803310962705362	38.014557984400945	5p	nta#A_23.5|lv3pT_0.25|canonical_27.0|nta#A#2_22.0|nta#A#1_1.5|total_53.75|lv3p_0.25|lv3p#-3_0.25|nta#G#1_0.5|nta#G_0.5|NucVar_2.5
hsa-miR-340-5p	hsa-mir-340	53.0	4.0	15.582799646946683	37.484122291595355	5p	canonical_46.0|nta#A_1.0|lv3p#-1_5.0|nta#A#1_1.0|total_53.0|lv3p_5.0|NucVar_1.0|lv3pT_5.0
hsa-miR-328-3p	hsa-mir-328	52.0	5.0	15.288784559268443	36.77687470118789	3p	nta#T#3_50.0|total_52.0|nta#T#1_2.0|nta#T_52.0
hsa-miR-486-5p	hsa-mir-486-2	51.0	1.0	14.994769471590205	36.06962711078043	5p	nta#T#2_51.0|total_51.0|nta#T_51.0
hsa-miR-335-3p	hsa-mir-335	51.0	6.0	14.994769471590205	36.06962711078043	3p	canonical_23.0|nta#C_1.0|lv3p#-1_26.0|total_51.0|lv3p_26.0|nta#C#2_1.0|NucVar_1.0|lv3pT_26.0
hsa-miR-4688	hsa-mir-4688	49.0	4.0	14.406739296233726	34.65513192996551	3p	nta#A_49.0|nta#A#1_49.0|total_49.0
hsa-miR-218-5p	hsa-mir-218-2	49.0	11.0	14.406739296233726	34.65513192996551	5p	nta#A#2_32.0|nta#A_49.0|nta#A#1_17.0|total_49.0
hsa-miR-218-5p	hsa-mir-218-1	49.0	11.0	14.406739296233726	34.65513192996551	5p	nta#A#2_32.0|nta#A_49.0|nta#A#1_17.0|total_49.0
hsa-miR-362-3p	hsa-mir-362	48.0	4.0	14.112724208555486	33.94788433955806	3p	canonical_45.0|total_48.0|NucVar_3.0
hsa-miR-1304-3p	hsa-mir-1304	48.0	1.0	14.112724208555486	33.94788433955806	3p	total_48.0|NucVar_48.0
hsa-miR-152-3p	hsa-mir-152	47.0	3.0	13.818709120877246	33.240636749150596	3p	canonical_45.0|total_47.0|NucVar_2.0
hsa-miR-10527-5p	hsa-mir-10527	45.0	2.0	13.230678945520769	31.826141568335675	5p	lv3p#-1_45.0|total_45.0|lv3p_45.0|lv3pT_45.0
hsa-miR-378a-5p	hsa-mir-378a	45.0	2.0	13.230678945520769	31.826141568335675	5p	canonical_44.0|total_45.0|NucVar_1.0
hsa-miR-92b-5p	hsa-mir-92b	45.0	4.0	13.230678945520769	31.826141568335675	5p	mv_44.0|nta#A_1.0|nta#A#1_1.0|total_45.0
hsa-miR-211-5p	hsa-mir-211	44.0	7.0	12.936663857842529	31.118893977928217	5p	lv5p_0.5|lv5pT_0.5|lv5p#-2_0.5|lv3p#-1_41.5|total_44.0|lv3p_41.5|NucVar_2.0|lv3pT_41.5
hsa-miR-628-3p	hsa-mir-628	44.0	5.0	12.936663857842529	31.118893977928217	3p	canonical_39.0|nta#A_2.0|nta#A#1_2.0|total_44.0|NucVar_3.0
hsa-miR-23b-5p	hsa-mir-23b	42.0	4.0	12.348633682486051	29.7043987971133	5p	nta#A_42.0|nta#A#1_42.0|total_42.0
hsa-miR-1303	hsa-mir-1303	41.0	1.0	12.054618594807812	28.997151206705837	3p	mv_41.0|total_41.0
hsa-miR-365a-5p	hsa-mir-365a	41.0	3.0	12.054618594807812	28.997151206705837	5p	lv3p#-3_40.0|nta#G#1_1.0|total_41.0|lv3p_40.0|lv3pT_40.0|nta#G_1.0
hsa-miR-9-3p	hsa-mir-9-2	40.33333333333334	9.0	11.858608536355655	28.525652813100873	3p	mv_35.333333333333336|canonical_4.666666666666667|total_40.33333333333334|nta#T#1_0.3333333333333333|nta#T_0.3333333333333333
hsa-miR-9-3p	hsa-mir-9-1	40.33333333333334	9.0	11.858608536355655	28.525652813100873	3p	mv_35.333333333333336|canonical_4.666666666666667|total_40.33333333333334|nta#T#1_0.3333333333333333|nta#T_0.3333333333333333
hsa-miR-217-5p	hsa-mir-217	38.0	4.0	11.172573331773092	26.87540843548346	5p	canonical_35.0|total_38.0|NucVar_3.0
hsa-miR-548o-3p	hsa-mir-548o	37.66666666666667	10.0	11.074568302547014	26.639659238680977	3p	lv3p#-1_37.66666666666667|total_37.66666666666667|lv3p_37.66666666666667|lv3pT_37.66666666666667
hsa-miR-548o-3p	hsa-mir-548o-2	37.66666666666667	10.0	11.074568302547014	26.639659238680977	3p	lv3p#-1_37.66666666666667|total_37.66666666666667|lv3p_37.66666666666667|lv3pT_37.66666666666667
hsa-miR-1307-3p	hsa-mir-1307	37.0	2.0	10.878558244094855	26.168160845076002	3p	lv3pE_37.0|total_37.0|lv3p_37.0|lv3p#1_37.0
hsa-miR-370-3p	hsa-mir-370	35.0	7.0	10.290528068738375	24.75366566426108	3p	nta#A_35.0|nta#A#1_35.0|total_35.0
hsa-miR-23a-5p	hsa-mir-23a	34.0	2.0	9.996512981060135	24.046418073853623	5p	lv3p#-1_34.0|total_34.0|lv3p_34.0|lv3pT_34.0
hsa-miR-1269a	hsa-mir-1269a	33.5	3.0	9.849505437221016	23.69279427864989	3p	nta#A_32.5|nta#A#1_32.5|total_33.5|nta#T#1_1.0|nta#T_1.0
hsa-miR-1301-3p	hsa-mir-1301	33.0	3.0	9.702497893381897	23.339170483446164	3p	total_33.0|nta#T#1_33.0|nta#T_33.0
hsa-miR-130b-5p	hsa-mir-130b	32.0	4.0	9.408482805703658	22.631922893038702	5p	canonical_15.0|lv3pE_16.0|total_32.0|lv3p_16.0|NucVar_1.0|lv3p#1_16.0
hsa-miR-98-3p	hsa-mir-98	29.0	4.0	8.526437542668939	20.510180121816326	3p	total_29.0|nta#T#1_29.0|nta#UA_1.0|nta#T_29.0
hsa-miR-30d-3p	hsa-mir-30d	28.0	6.0	8.2324224549907	19.802932531408864	3p	lv3p#-1_2.0|lv3pT_2.0|nta#T_23.5|total_28.0|nta#T#2_22.0|nta#T#1_1.5|lv3p_2.0|nta#G#1_0.5|nta#G_0.5|NucVar_2.0
hsa-miR-190a-5p	hsa-mir-190a	28.0	3.0	8.2324224549907	19.802932531408864	5p	canonical_26.0|nta#A_1.0|nta#A#1_1.0|total_28.0|NucVar_1.0
hsa-miR-320c	hsa-mir-320c-2	27.424999999999997	7.0	8.063363779575711	19.396265166924575	3p	lv3p#-1_4.8|nta#C#1_0.125|nta#C_0.125|nta#A_21.0|lv3pT_4.8|mlv3p_1.5|nta#A#3_21.0|mlv3p#4_0.5|mlv3p#2_1.0|total_27.424999999999997|lv3p_4.8
hsa-miR-421	hsa-mir-421	27.0	2.0	7.938407367312461	19.095684941001405	3p	lv3p#-1_27.0|total_27.0|lv3p_27.0|lv3pT_27.0
hsa-miR-892a	hsa-mir-892a	26.0	4.0	7.644392279634221	18.388437350593946	3p	canonical_23.0|total_26.0|NucVar_3.0
hsa-miR-487b-3p	hsa-mir-487b	25.0	4.0	7.350377191955983	17.681189760186488	3p	canonical_22.0|total_25.0|NucVar_3.0
hsa-miR-664b-5p	hsa-mir-664b	24.0	1.0	7.056362104277743	16.97394216977903	5p	lv3p#-2_24.0|total_24.0|lv3p_24.0|lv3pT_24.0
hsa-miR-937-3p	hsa-mir-937	22.0	1.0	6.468331928921264	15.559446988964108	3p	nta#T#2_22.0|total_22.0|nta#T_22.0
hsa-miR-514a-3p	hsa-mir-514a-2	21.799999999999994	12.0	6.409528911385615	15.41799747088261	3p	canonical_19.6|total_21.799999999999994|NucVar_2.1999999999999997
hsa-miR-514a-3p	hsa-mir-514a-2	21.799999999999994	12.0	6.409528911385615	15.41799747088261	3p	canonical_19.6|total_21.799999999999994|NucVar_2.1999999999999997
hsa-miR-514a-3p	hsa-mir-514a-3	21.799999999999994	12.0	6.409528911385615	15.41799747088261	3p	canonical_19.6|total_21.799999999999994|NucVar_2.1999999999999997
hsa-miR-514a-3p	hsa-mir-514a-1	21.799999999999994	12.0	6.409528911385615	15.41799747088261	3p	canonical_19.6|total_21.799999999999994|NucVar_2.1999999999999997
hsa-miR-514a-3p	hsa-mir-514a-3	21.799999999999994	12.0	6.409528911385615	15.41799747088261	3p	canonical_19.6|total_21.799999999999994|NucVar_2.1999999999999997
hsa-miR-26a-2-3p	hsa-mir-26a-2	21.0	3.0	6.174316841243026	14.85219939855665	3p	lv3p#-1_21.0|total_21.0|lv3p_21.0|lv3pT_21.0
hsa-miR-1306-5p	hsa-mir-1306	17.0	1.0	4.998256490530068	12.023209036926811	5p	total_17.0|nta#T#1_17.0|nta#T_17.0
hsa-miR-9-3p	hsa-mir-9-3	16.333333333333332	4.0	4.802246432077908	11.551710643321837	3p	mv_11.333333333333334|canonical_4.666666666666667|total_16.333333333333332|nta#T#1_0.3333333333333333|nta#T_0.3333333333333333
hsa-miR-1262	hsa-mir-1262	16.0	3.0	4.704241402851829	11.315961446519351	5p	nta#C_1.0|nta#A_15.0|nta#A#1_15.0|total_16.0|nta#C#1_1.0
hsa-miR-187-3p	hsa-mir-187	16.0	1.0	4.704241402851829	11.315961446519351	3p	lv3p#-3_16.0|total_16.0|lv3p_16.0|lv3pT_16.0
hsa-miR-129-5p	hsa-mir-129-1	15.5	3.0	4.557233859012709	10.962337651315622	5p	canonical_14.5|total_15.5|NucVar_1.0
hsa-miR-129-5p	hsa-mir-129-2	15.5	3.0	4.557233859012709	10.962337651315622	5p	canonical_14.5|total_15.5|NucVar_1.0
hsa-miR-16-2-3p	hsa-mir-16-2	15.0	2.0	4.410226315173589	10.608713856111892	3p	mv_15.0|total_15.0
hsa-miR-3615	hsa-mir-3615	13.0	3.0	3.8221961398171107	9.194218675296973	3p	lv3pE_12.0|nta#A_1.0|nta#A#1_1.0|total_13.0|lv3p_12.0|lv3p#2_12.0
hsa-miR-503-5p	hsa-mir-503	12.0	2.0	3.5281810521388715	8.486971084889515	5p	nta#A_12.0|nta#A#1_12.0|total_12.0
hsa-miR-365b-5p	hsa-mir-365b	12.0	1.0	3.5281810521388715	8.486971084889515	5p	nta#A_12.0|nta#A#1_12.0|total_12.0
hsa-miR-9985	hsa-mir-9985	8.0	5.0	2.3521207014259145	5.6579807232596755	5p	nta#C#1_1.0|nta#C_1.0|nta#A_2.0|lv3p#1_1.0|nta#A#1_2.0|total_8.0|lv3p_1.0|lv3pE_1.0|NucVar_4.0
hsa-miR-23c	hsa-mir-23c	6.5	5.0	1.9110980699085554	4.597109337648487	3p	mv_1.0|lv3p#-1_2.5|total_6.5|nta#T#1_3.0|lv3p_2.5|nta#T_3.0|lv3pT_2.5
hsa-miR-107	hsa-mir-107	5.333333333333334	5.0	1.5680804676172764	3.7719871488397843	3p	lv3p#-1_1.0|lv5p_1.0|lv3pT_1.0|canonical_2.0|total_5.333333333333334|lv5pT_1.0|lv5p#-2_1.0|lv3p_1.0|NucVar_1.3333333333333333
hsa-miR-93-3p	hsa-mir-93	5.0	1.0	1.4700754383911965	3.5362379520372973	3p	mv_5.0|total_5.0
hsa-miR-320c	hsa-mir-320c-1	4.925	3.0	1.4480243068153285	3.483194382756738	3p	nta#C_0.125|lv3p#-1_4.8|total_4.925|lv3p_4.8|nta#C#1_0.125|lv3pT_4.8
hsa-miR-215-5p	hsa-mir-215	4.5	5.0	1.3230678945520769	3.1826141568335675	5p	mv_3.5|nta#G#1_1.0|total_4.5|nta#G_1.0
hsa-miR-331-3p	hsa-mir-331	4.0	1.0	1.1760603507129572	2.8289903616298377	3p	lv3p#-1_4.0|total_4.0|lv3p_4.0|lv3pT_4.0
hsa-miR-6134	hsa-mir-6134	3.0	1.0	0.8820452630347179	2.1217427712223786	3p	nta#T#2_3.0|total_3.0|nta#T_3.0
hsa-miR-219a-2-3p	hsa-mir-219a-2	2.0	2.0	0.5880301753564786	1.4144951808149189	3p	nta#A_1.0|nta#A#1_1.0|total_2.0|nta#T#1_1.0|nta#T_1.0
hsa-miR-6129	hsa-mir-6129	2.0	2.0	0.5880301753564786	1.4144951808149189	5p	nta#A_1.0|nta#A#1_1.0|nta#T#2_1.0|total_2.0|nta#T_1.0
hsa-miR-132-3p	hsa-mir-132	2.0	1.0	0.5880301753564786	1.4144951808149189	3p	canonical_2.0|total_2.0
hsa-miR-4429	hsa-mir-4429	1.125	2.0	0.3307669736380192	0.7956535392083919	5p	lv3p#-1_0.125|nta#A_1.0|nta#A#1_1.0|total_1.125|lv3p_0.125|lv3pT_0.125
hsa-miR-378c	hsa-mir-378c	1.0	1.0	0.2940150876782393	0.7072475904074594	5p	lv3p#-4_1.0|total_1.0|lv3p_1.0|lv3pT_1.0
hsa-miR-411-5p	hsa-mir-411	1.0	1.0	0.2940150876782393	0.7072475904074594	5p	total_1.0|NucVar_1.0
hsa-miR-320e	hsa-mir-320e	1.0	1.0	0.2940150876782393	0.7072475904074594	3p	mv_1.0|total_1.0
hsa-miR-139-5p	hsa-mir-139	1.0	1.0	0.2940150876782393	0.7072475904074594	5p	canonical_1.0|total_1.0
hsa-miR-451a	hsa-mir-451a	1.0	1.0	0.2940150876782393	0.7072475904074594	-	lv3p#-1_1.0|total_1.0|lv3p_1.0|lv3pT_1.0
hsa-miR-378i	hsa-mir-378i	1.0	1.0	0.2940150876782393	0.7072475904074594	5p	canonical_1.0|total_1.0
hsa-miR-378d	hsa-mir-378d-1	1.0	1.0	0.2940150876782393	0.7072475904074594	3p	mlv3p_1.0|total_1.0|mlv3p#2_1.0
hsa-let-7f-2-3p	hsa-let-7f-2	1.0	1.0	0.2940150876782393	0.7072475904074594	3p	nta#A_1.0|nta#A#1_1.0|total_1.0
hsa-miR-338-5p	hsa-mir-338	1.0	1.0	0.2940150876782393	0.7072475904074594	5p	lv3p#-2_1.0|total_1.0|lv3p_1.0|lv3pT_1.0
hsa-miR-378b	hsa-mir-378b	1.0	1.0	0.2940150876782393	0.7072475904074594	3p	total_1.0|nta#T#1_1.0|nta#T_1.0
hsa-miR-17-5p	hsa-mir-17	0.5	1.0	0.14700754383911965	0.3536237952037297	5p	lv3pE_0.5|total_0.5|lv3p_0.5|lv3p#1_0.5
hsa-miR-500b-3p	hsa-mir-500b	0.5	1.0	0.14700754383911965	0.3536237952037297	3p	mv_0.5|total_0.5
hsa-miR-1269b	hsa-mir-1269b	0.5	1.0	0.14700754383911965	0.3536237952037297	5p	nta#A_0.5|nta#A#1_0.5|total_0.5
hsa-miR-124-3p	hsa-mir-124-2	0.3333333333333333	1.0	0.09800502922607976	0.2357491968024865	3p	canonical_0.3333333333333333|total_0.3333333333333333
hsa-miR-124-3p	hsa-mir-124-1	0.3333333333333333	1.0	0.09800502922607976	0.2357491968024865	3p	canonical_0.3333333333333333|total_0.3333333333333333
hsa-miR-548at-3p	hsa-mir-548at	0.3333333333333333	1.0	0.09800502922607976	0.2357491968024865	3p	mv_0.3333333333333333|total_0.3333333333333333
hsa-miR-548s	hsa-mir-548s	0.3333333333333333	1.0	0.09800502922607976	0.2357491968024865	3p	mv_0.3333333333333333|total_0.3333333333333333
hsa-miR-124-3p	hsa-mir-124-3	0.3333333333333333	1.0	0.09800502922607976	0.2357491968024865	3p	canonical_0.3333333333333333|total_0.3333333333333333
hsa-miR-320d	hsa-mir-320d-2	0.125	1.0	0.03675188595977991	0.08840594880093243	3p	nta#C_0.125|total_0.125|nta#C#1_0.125
